CookerStat, GenerateAssetRegistry=0.047602, Initialize=0.231348, RunGuid=RunID21E49B744BAB3B68D51F849580C7B2AD
DDCTransactionId09867BE8470D2D760108B691B4FBE165_0, BuildTexture=, CacheKey=TEXTURE_814DCC3DC72143F49509781513CB9855_AutoDXT_CCE0A0B44F0E79BB8268D68789D90D16_07_0000803F0000803F0000803F000000000000803F00000000000000000000803F00000000000000000200000001000100000000000101000000040000803FFFFFFFFF00000000FF00FF00FFFF8180803B, StartTime=2016.05.28-19.56.37, Duration=482.165619, RunGuid=RunID21E49B744BAB3B68D51F849580C7B2AD
DDCTransactionId9318179042590BC19A03C3BC2668945E_0, PutCachedData=, CacheKey=TEXTURE_814DCC3DC72143F49509781513CB9855_AutoDXT_CCE0A0B44F0E79BB8268D68789D90__AEE314368D29336989613498B5BD38B00353E144, StartTime=2016.05.28-19.56.37, HierarchicalDDC=, DataSize=1048841, Duration=5.114276, RunGuid=RunID21E49B744BAB3B68D51F849580C7B2AD
DDCTransactionId9318179042590BC19A03C3BC2668945E_1, PutCachedData=, CacheKey=TEXTURE_814DCC3DC72143F49509781513CB9855_AutoDXT_CCE0A0B44F0E79BB8268D68789D90__3395109BD7E37ACCA82DA5C2509C719226E4AD8D, StartTime=2016.05.28-19.56.37, HierarchicalDDC=, DataSize=262407, Duration=3.110040, RunGuid=RunID21E49B744BAB3B68D51F849580C7B2AD
DDCTransactionId9318179042590BC19A03C3BC2668945E_2, PutCachedData=, CacheKey=TEXTURE_814DCC3DC72143F49509781513CB9855_AutoDXT_CCE0A0B44F0E79BB8268D68789D90__94A3F97FA9876EC856E280FE0D0A230EC5A44986, StartTime=2016.05.28-19.56.37, HierarchicalDDC=, DataSize=65799, Duration=1.700655, RunGuid=RunID21E49B744BAB3B68D51F849580C7B2AD
DDCTransactionId9318179042590BC19A03C3BC2668945E_3, PutCachedData=, CacheKey=TEXTURE_814DCC3DC72143F49509781513CB9855_AutoDXT_CCE0A0B44F0E79BB8268D68789D90__177AB1797088BF826AD552EDBE41DD0B4870488B, StartTime=2016.05.28-19.56.37, HierarchicalDDC=, DataSize=16647, Duration=1.392078, RunGuid=RunID21E49B744BAB3B68D51F849580C7B2AD
DDCTransactionId9318179042590BC19A03C3BC2668945E_4, PutCachedData=, CacheKey=TEXTURE_814DCC3DC72143F49509781513CB9855_AutoDXT_CCE0A0B44F0E79BB8268D68789D90__3D79E43097C9AC53BBCAF82BF7D0E8DF1DA928A7, StartTime=2016.05.28-19.56.37, HierarchicalDDC=, DataSize=7196, Duration=1.351804, RunGuid=RunID21E49B744BAB3B68D51F849580C7B2AD
DDCTransactionId09867BE8470D2D760108B691B4FBE165_1, BuildTexture=, CacheKey=TEXTURE_814DCC3DC72143F49509781513CB9855_AutoDXT_FE23405F4118F435517F02B56ABF11FF_07_0000803F0000803F0000803F000000000000803F00000000000000000000803F00000000000000000200000001000100000000000101000000040000803FFFFFFFFF00000000FF00FF00FFFF8180803B, StartTime=2016.05.28-19.56.37, Duration=578.407471, RunGuid=RunID21E49B744BAB3B68D51F849580C7B2AD
DDCTransactionId9318179042590BC19A03C3BC2668945E_5, PutCachedData=, CacheKey=TEXTURE_814DCC3DC72143F49509781513CB9855_AutoDXT_FE23405F4118F435517F02B56ABF1__1B5BFF3512B24B2C16557857FBCB7E8463F22129, StartTime=2016.05.28-19.56.38, HierarchicalDDC=, DataSize=1048841, Duration=4.840985, RunGuid=RunID21E49B744BAB3B68D51F849580C7B2AD
DDCTransactionId9318179042590BC19A03C3BC2668945E_6, PutCachedData=, CacheKey=TEXTURE_814DCC3DC72143F49509781513CB9855_AutoDXT_FE23405F4118F435517F02B56ABF1__5B3BA4C545D5322DF50E5A574F9FF9228865D400, StartTime=2016.05.28-19.56.38, HierarchicalDDC=, DataSize=262407, Duration=2.245568, RunGuid=RunID21E49B744BAB3B68D51F849580C7B2AD
DDCTransactionId9318179042590BC19A03C3BC2668945E_7, PutCachedData=, CacheKey=TEXTURE_814DCC3DC72143F49509781513CB9855_AutoDXT_FE23405F4118F435517F02B56ABF1__112DE9C88EFAD44D1A40A1B87F4827A7DC381D64, StartTime=2016.05.28-19.56.38, HierarchicalDDC=, DataSize=65799, Duration=1.562178, RunGuid=RunID21E49B744BAB3B68D51F849580C7B2AD
DDCTransactionId9318179042590BC19A03C3BC2668945E_8, PutCachedData=, CacheKey=TEXTURE_814DCC3DC72143F49509781513CB9855_AutoDXT_FE23405F4118F435517F02B56ABF1__97F7342E338236D949364DC1BA24F82CDAB42954, StartTime=2016.05.28-19.56.38, HierarchicalDDC=, DataSize=16647, Duration=1.774549, RunGuid=RunID21E49B744BAB3B68D51F849580C7B2AD
DDCTransactionId9318179042590BC19A03C3BC2668945E_9, PutCachedData=, CacheKey=TEXTURE_814DCC3DC72143F49509781513CB9855_AutoDXT_FE23405F4118F435517F02B56ABF1__6208FABE7066876767B5C894B6A6111AC7D824F0, StartTime=2016.05.28-19.56.38, HierarchicalDDC=, DataSize=7196, Duration=1.662374, RunGuid=RunID21E49B744BAB3B68D51F849580C7B2AD
DDCTransactionId09867BE8470D2D760108B691B4FBE165_2, BuildTexture=, CacheKey=TEXTURE_814DCC3DC72143F49509781513CB9855_AutoDXT_0601A2374DAABCCE4525CC8C1206807C_07_0000803F0000803F0000803F000000000000803F00000000000000000000803F00000000000000000200000001000100000000000101000000040000803FFFFFFFFF00000000FF00FF00FFFF8180803B, StartTime=2016.05.28-19.56.38, Duration=400.260986, RunGuid=RunID21E49B744BAB3B68D51F849580C7B2AD
DDCTransactionId9318179042590BC19A03C3BC2668945E_10, PutCachedData=, CacheKey=TEXTURE_814DCC3DC72143F49509781513CB9855_AutoDXT_0601A2374DAABCCE4525CC8C12068__E161960FE7006296A17C80253BFD3BB3CFEFFFB0, StartTime=2016.05.28-19.56.38, HierarchicalDDC=, DataSize=1048841, Duration=6.381195, RunGuid=RunID21E49B744BAB3B68D51F849580C7B2AD
DDCTransactionId9318179042590BC19A03C3BC2668945E_11, PutCachedData=, CacheKey=TEXTURE_814DCC3DC72143F49509781513CB9855_AutoDXT_0601A2374DAABCCE4525CC8C12068__CAA274F5785BAEE382B61D6CAD3C6330D3BFF801, StartTime=2016.05.28-19.56.38, HierarchicalDDC=, DataSize=262407, Duration=5.385235, RunGuid=RunID21E49B744BAB3B68D51F849580C7B2AD
DDCTransactionId9318179042590BC19A03C3BC2668945E_12, PutCachedData=, CacheKey=TEXTURE_814DCC3DC72143F49509781513CB9855_AutoDXT_0601A2374DAABCCE4525CC8C12068__1131E3F6A214205FD2A50B7DDEC9ACC74D1CF173, StartTime=2016.05.28-19.56.38, HierarchicalDDC=, DataSize=65799, Duration=20.135212, RunGuid=RunID21E49B744BAB3B68D51F849580C7B2AD
DDCTransactionId09867BE8470D2D760108B691B4FBE165_3, BuildTexture=, CacheKey=TEXTURE_814DCC3DC72143F49509781513CB9855_BGRA8_ECDFBF554446916EB516608CE6C17032_07_0000803F0000803F0000803F000000000000803F00000000000000000000803F00000000000000000200000001000100000000000101000000040000803FFFFFFFFF00000000FF00FF00FFFF8180803B, StartTime=2016.05.28-19.56.38, Duration=67.324425, RunGuid=RunID21E49B744BAB3B68D51F849580C7B2AD
DDCTransactionId9318179042590BC19A03C3BC2668945E_13, PutCachedData=, CacheKey=TEXTURE_814DCC3DC72143F49509781513CB9855_AutoDXT_0601A2374DAABCCE4525CC8C12068__3339E03F729472C8D4EC7E2479F59724A2B655C8, StartTime=2016.05.28-19.56.38, HierarchicalDDC=, DataSize=16647, Duration=1.604784, RunGuid=RunID21E49B744BAB3B68D51F849580C7B2AD
DDCTransactionId9318179042590BC19A03C3BC2668945E_14, PutCachedData=, CacheKey=TEXTURE_814DCC3DC72143F49509781513CB9855_AutoDXT_0601A2374DAABCCE4525CC8C12068__E7E8EDA5645069D00891F804485713B486FC8BBD, StartTime=2016.05.28-19.56.38, HierarchicalDDC=, DataSize=7196, Duration=3.478866, RunGuid=RunID21E49B744BAB3B68D51F849580C7B2AD
DDCTransactionId9318179042590BC19A03C3BC2668945E_15, PutCachedData=, CacheKey=TEXTURE_814DCC3DC72143F49509781513CB9855_BGRA8_ECDFBF554446916EB516608CE6C1703__AA391A9B9F0B5A4ED3C428409FCCE108BCDD9DC0, StartTime=2016.05.28-19.56.38, HierarchicalDDC=, DataSize=1048837, Duration=5.563989, RunGuid=RunID21E49B744BAB3B68D51F849580C7B2AD
DDCTransactionId9318179042590BC19A03C3BC2668945E_16, PutCachedData=, CacheKey=TEXTURE_814DCC3DC72143F49509781513CB9855_BGRA8_ECDFBF554446916EB516608CE6C1703__71D68747073D62924FFF4FC807478BE4280B101F, StartTime=2016.05.28-19.56.38, HierarchicalDDC=, DataSize=262405, Duration=3.250845, RunGuid=RunID21E49B744BAB3B68D51F849580C7B2AD
DDCTransactionId9318179042590BC19A03C3BC2668945E_17, PutCachedData=, CacheKey=TEXTURE_814DCC3DC72143F49509781513CB9855_BGRA8_ECDFBF554446916EB516608CE6C1703__32179C8892455B6D8BD19D158369ED59BEC1F98D, StartTime=2016.05.28-19.56.38, HierarchicalDDC=, DataSize=65797, Duration=2.416331, RunGuid=RunID21E49B744BAB3B68D51F849580C7B2AD
DDCTransactionId9318179042590BC19A03C3BC2668945E_18, PutCachedData=, CacheKey=TEXTURE_814DCC3DC72143F49509781513CB9855_BGRA8_ECDFBF554446916EB516608CE6C1703__0EBA2D1BD8DBF7477273E7D94FA18DBC9EE2B79D, StartTime=2016.05.28-19.56.38, HierarchicalDDC=, DataSize=23251, Duration=2.813782, RunGuid=RunID21E49B744BAB3B68D51F849580C7B2AD
DDCTransactionId09867BE8470D2D760108B691B4FBE165_4, BuildTexture=, CacheKey=TEXTURE_814DCC3DC72143F49509781513CB9855_AutoDXT_201530E545917B09F0A97BB9946794B0_07_0000803F0000803F0000803F000000000000803F00000000000000000000803F0000000000000000020000000D000100000000000101000000040000803FFFFFFFFF00000000FF00FF00FFFF8180803B, StartTime=2016.05.28-19.56.38, Duration=651.833496, RunGuid=RunID21E49B744BAB3B68D51F849580C7B2AD
DDCTransactionId9318179042590BC19A03C3BC2668945E_19, PutCachedData=, CacheKey=TEXTURE_814DCC3DC72143F49509781513CB9855_AutoDXT_201530E545917B09F0A97BB994679__8C155A6AD0140B0748B06C50B72B54445E0D2996, StartTime=2016.05.28-19.56.39, HierarchicalDDC=, DataSize=1037110, Duration=6.371871, RunGuid=RunID21E49B744BAB3B68D51F849580C7B2AD
DDCTransactionId09867BE8470D2D760108B691B4FBE165_5, BuildTexture=, CacheKey=TEXTURE_814DCC3DC72143F49509781513CB9855_BGRA8_B7AD00F8477B5B2C5777A6844C0A996C_07_9A99193F0000803F0000803F000000000000803F00000000000000000000803F00000000000000000200000001000100000100000101000000040000803FFFFFFFFF00000000FF00FF00FFFF8180803B, StartTime=2016.05.28-19.56.39, Duration=282.054108, RunGuid=RunID21E49B744BAB3B68D51F849580C7B2AD
DDCTransactionId9318179042590BC19A03C3BC2668945E_20, PutCachedData=, CacheKey=TEXTURE_814DCC3DC72143F49509781513CB9855_BGRA8_B7AD00F8477B5B2C5777A6844C0A996__306F63985D05D69971DF8C141112E76F64C24E18, StartTime=2016.05.28-19.56.39, HierarchicalDDC=, DataSize=4194567, Duration=19.285385, RunGuid=RunID21E49B744BAB3B68D51F849580C7B2AD
DDCTransactionId9318179042590BC19A03C3BC2668945E_21, PutCachedData=, CacheKey=TEXTURE_814DCC3DC72143F49509781513CB9855_BGRA8_B7AD00F8477B5B2C5777A6844C0A996__5AD7B6AE25AA879E8DACE3600509A0A76BEA4A6C, StartTime=2016.05.28-19.56.39, HierarchicalDDC=, DataSize=1048837, Duration=5.237106, RunGuid=RunID21E49B744BAB3B68D51F849580C7B2AD
DDCTransactionId9318179042590BC19A03C3BC2668945E_22, PutCachedData=, CacheKey=TEXTURE_814DCC3DC72143F49509781513CB9855_BGRA8_B7AD00F8477B5B2C5777A6844C0A996__9AC2D22F5A14EE18FBAEB26D7F42A4596344C539, StartTime=2016.05.28-19.56.39, HierarchicalDDC=, DataSize=262405, Duration=2.827764, RunGuid=RunID21E49B744BAB3B68D51F849580C7B2AD
DDCTransactionId9318179042590BC19A03C3BC2668945E_23, PutCachedData=, CacheKey=TEXTURE_814DCC3DC72143F49509781513CB9855_BGRA8_B7AD00F8477B5B2C5777A6844C0A996__635D8DFDD2BEC897102A7751E60DF23F96394848, StartTime=2016.05.28-19.56.39, HierarchicalDDC=, DataSize=65797, Duration=73.011909, RunGuid=RunID21E49B744BAB3B68D51F849580C7B2AD
DDCTransactionId9318179042590BC19A03C3BC2668945E_24, PutCachedData=, CacheKey=TEXTURE_814DCC3DC72143F49509781513CB9855_BGRA8_B7AD00F8477B5B2C5777A6844C0A996__E6EF116EB30324E556DBE48C1A72CBD7BD693770, StartTime=2016.05.28-19.56.39, HierarchicalDDC=, DataSize=23546, Duration=0.912078, RunGuid=RunID21E49B744BAB3B68D51F849580C7B2AD
DDCTransactionId09867BE8470D2D760108B691B4FBE165_6, BuildTexture=, CacheKey=TEXTURE_814DCC3DC72143F49509781513CB9855_BGRA8_748D4F054C3030AC8888BEA1993C93A6_07_0000803F0000803F0000803F000000000000803F00000000000000000000803F00000000000000000200000001000000000000000101000000040000803FFFFFFFFF00000000FF00FF00FFFF8180803B, StartTime=2016.05.28-19.56.45, Duration=1.149081, RunGuid=RunID21E49B744BAB3B68D51F849580C7B2AD
DDCTransactionId9318179042590BC19A03C3BC2668945E_25, PutCachedData=, CacheKey=TEXTURE_814DCC3DC72143F49509781513CB9855_BGRA8_748D4F054C3030AC8888BEA1993C93A__79AB56B57296E31CDFFE8867020509D14A699B71, StartTime=2016.05.28-19.56.45, HierarchicalDDC=, DataSize=16644, Duration=1.381096, RunGuid=RunID21E49B744BAB3B68D51F849580C7B2AD
DDCTransactionId9318179042590BC19A03C3BC2668945E_26, PutCachedData=, CacheKey=TEXTURE_814DCC3DC72143F49509781513CB9855_BGRA8_748D4F054C3030AC8888BEA1993C93A__66191627C7E8A6B05447BCF1CE20A881815777A9, StartTime=2016.05.28-19.56.45, HierarchicalDDC=, DataSize=8452, Duration=55.816307, RunGuid=RunID21E49B744BAB3B68D51F849580C7B2AD
DDCTransactionId9318179042590BC19A03C3BC2668945E_27, PutCachedData=, CacheKey=TEXTURE_814DCC3DC72143F49509781513CB9855_BGRA8_748D4F054C3030AC8888BEA1993C93A__3CE5BB905F1CC7D022240CF4A01B36E9E7C46A6B, StartTime=2016.05.28-19.56.45, HierarchicalDDC=, DataSize=4356, Duration=1.613773, RunGuid=RunID21E49B744BAB3B68D51F849580C7B2AD
DDCTransactionId9318179042590BC19A03C3BC2668945E_28, PutCachedData=, CacheKey=TEXTURE_814DCC3DC72143F49509781513CB9855_BGRA8_748D4F054C3030AC8888BEA1993C93A__7DAF3DF355D8ACA90C304E71CC15E2C8EEEC3DAF, StartTime=2016.05.28-19.56.45, HierarchicalDDC=, DataSize=2307, Duration=1.524564, RunGuid=RunID21E49B744BAB3B68D51F849580C7B2AD
DDCTransactionId9318179042590BC19A03C3BC2668945E_29, PutCachedData=, CacheKey=TEXTURE_814DCC3DC72143F49509781513CB9855_BGRA8_748D4F054C3030AC8888BEA1993C93A__AB11C0D74FF631D42824FDEC2F244CADF6A908B6, StartTime=2016.05.28-19.56.45, HierarchicalDDC=, DataSize=1283, Duration=0.998955, RunGuid=RunID21E49B744BAB3B68D51F849580C7B2AD
DDCTransactionId9318179042590BC19A03C3BC2668945E_30, PutCachedData=, CacheKey=TEXTURE_814DCC3DC72143F49509781513CB9855_BGRA8_748D4F054C3030AC8888BEA1993C93A__CED1D83E3FD3B0CB7BD9AA620DC7BDA967EECCBE, StartTime=2016.05.28-19.56.45, HierarchicalDDC=, DataSize=771, Duration=0.943698, RunGuid=RunID21E49B744BAB3B68D51F849580C7B2AD
DDCTransactionId9318179042590BC19A03C3BC2668945E_31, PutCachedData=, CacheKey=TEXTURE_814DCC3DC72143F49509781513CB9855_BGRA8_748D4F054C3030AC8888BEA1993C93A__A72DE74243C3FF2060D178C8A85568CB313921EB, StartTime=2016.05.28-19.56.45, HierarchicalDDC=, DataSize=2785, Duration=1.066860, RunGuid=RunID21E49B744BAB3B68D51F849580C7B2AD
DDCTransactionId09867BE8470D2D760108B691B4FBE165_7, BuildTexture=, CacheKey=TEXTURE_814DCC3DC72143F49509781513CB9855_BC5_A4E7B62F46E2851783D7E8BEA5DA034A_07_0000803F0000803F0000803F000000000000803F00000000000000000000803F00000000000000000200000001000000000000000100000000040000803FFFFFFFFF00000000FF00FF00FFFF8180803B, StartTime=2016.05.28-19.57.41, Duration=57.984978, RunGuid=RunID21E49B744BAB3B68D51F849580C7B2AD
DDCTransactionId9318179042590BC19A03C3BC2668945E_32, PutCachedData=, CacheKey=TEXTURE_814DCC3DC72143F49509781513CB9855_BC5_A4E7B62F46E2851783D7E8BEA5DA034A___1460A91016BB8214929FD01FA9459E4E2DBEAF75, StartTime=2016.05.28-19.57.41, HierarchicalDDC=, DataSize=262403, Duration=15.924026, RunGuid=RunID21E49B744BAB3B68D51F849580C7B2AD
DDCTransactionId9318179042590BC19A03C3BC2668945E_33, PutCachedData=, CacheKey=TEXTURE_814DCC3DC72143F49509781513CB9855_BC5_A4E7B62F46E2851783D7E8BEA5DA034A___C80FB78209DD15B6CAB9ACF178DCE816A06742C6, StartTime=2016.05.28-19.57.41, HierarchicalDDC=, DataSize=65795, Duration=2.030198, RunGuid=RunID21E49B744BAB3B68D51F849580C7B2AD
DDCTransactionId09867BE8470D2D760108B691B4FBE165_8, BuildTexture=, CacheKey=TEXTURE_814DCC3DC72143F49509781513CB9855_AutoDXT_516BCC79466F344857F523AB61EC30B6_07_0000803F0000803F0000803F000000000000803F00000000000000000000803F00000000000000000200000001000100000000000101000000040000803FFFFFFFFF00000000FF00FF00FFFF8180803B, StartTime=2016.05.28-19.57.41, Duration=565.124146, RunGuid=RunID21E49B744BAB3B68D51F849580C7B2AD
DDCTransactionId9318179042590BC19A03C3BC2668945E_34, PutCachedData=, CacheKey=TEXTURE_814DCC3DC72143F49509781513CB9855_BC5_A4E7B62F46E2851783D7E8BEA5DA034A___3C0447A7B320E05D85CB6A57DFEE153B41DD3FEC, StartTime=2016.05.28-19.57.41, HierarchicalDDC=, DataSize=16643, Duration=1.932666, RunGuid=RunID21E49B744BAB3B68D51F849580C7B2AD
DDCTransactionId9318179042590BC19A03C3BC2668945E_35, PutCachedData=, CacheKey=TEXTURE_814DCC3DC72143F49509781513CB9855_BC5_A4E7B62F46E2851783D7E8BEA5DA034A___6DF01F6B7DECFF326FB9C4AD5A6D9E407684D0DF, StartTime=2016.05.28-19.57.41, HierarchicalDDC=, DataSize=6882, Duration=2.139382, RunGuid=RunID21E49B744BAB3B68D51F849580C7B2AD
DDCTransactionId9318179042590BC19A03C3BC2668945E_36, PutCachedData=, CacheKey=TEXTURE_814DCC3DC72143F49509781513CB9855_AutoDXT_516BCC79466F344857F523AB61EC3__587B86C47A5780001741F6210CB1A7EE90776BDC, StartTime=2016.05.28-19.57.42, HierarchicalDDC=, DataSize=262407, Duration=2.452616, RunGuid=RunID21E49B744BAB3B68D51F849580C7B2AD
DDCTransactionId9318179042590BC19A03C3BC2668945E_37, PutCachedData=, CacheKey=TEXTURE_814DCC3DC72143F49509781513CB9855_AutoDXT_516BCC79466F344857F523AB61EC3__5677D6BAA40B32783475E59FF60C01D93A85AD89, StartTime=2016.05.28-19.57.42, HierarchicalDDC=, DataSize=65799, Duration=1.730610, RunGuid=RunID21E49B744BAB3B68D51F849580C7B2AD
DDCTransactionId9318179042590BC19A03C3BC2668945E_38, PutCachedData=, CacheKey=TEXTURE_814DCC3DC72143F49509781513CB9855_AutoDXT_516BCC79466F344857F523AB61EC3__2DD35DBBBF748920F09312F8C87A92C7BEFC91DF, StartTime=2016.05.28-19.57.42, HierarchicalDDC=, DataSize=16647, Duration=16.234596, RunGuid=RunID21E49B744BAB3B68D51F849580C7B2AD
DDCTransactionId9318179042590BC19A03C3BC2668945E_39, PutCachedData=, CacheKey=TEXTURE_814DCC3DC72143F49509781513CB9855_AutoDXT_516BCC79466F344857F523AB61EC3__290EA573399BDA581788399C5553AEDDA200E884, StartTime=2016.05.28-19.57.42, HierarchicalDDC=, DataSize=6899, Duration=1.137100, RunGuid=RunID21E49B744BAB3B68D51F849580C7B2AD
DDCTransactionId09867BE8470D2D760108B691B4FBE165_9, BuildTexture=, CacheKey=TEXTURE_814DCC3DC72143F49509781513CB9855_AutoDXT_6040524F42B5F151B56599B32AD9407E_07_0000803F0000803F0000803F000000000000803F00000000000000000000803F0000000000000000020000000D000300000000000101000000040000803FFFFFFFFF00000000FF00FF00FFFF8180803B, StartTime=2016.05.28-20.00.42, Duration=201.338150, RunGuid=RunID21E49B744BAB3B68D51F849580C7B2AD
DDCTransactionId9318179042590BC19A03C3BC2668945E_40, PutCachedData=, CacheKey=TEXTURE_814DCC3DC72143F49509781513CB9855_AutoDXT_6040524F42B5F151B56599B32AD94__DBED10E68958E9C277E2EE93B35D6AAAD35C28ED, StartTime=2016.05.28-20.00.43, HierarchicalDDC=, DataSize=98614, Duration=1.711972, RunGuid=RunID21E49B744BAB3B68D51F849580C7B2AD
DDCTransactionId09867BE8470D2D760108B691B4FBE165_10, BuildTexture=, CacheKey=TEXTURE_814DCC3DC72143F49509781513CB9855_AutoDXT_7EB8292D474FF5860C0B3286001EAA8E_07_0000803F0000803F0000803F000000000000803F00000000000000000000803F0000000000000000020000000D000300000000000101000000040000803FFFFFFFFF00000000FF00FF00FFFF8180803B, StartTime=2016.05.28-20.00.43, Duration=107.363503, RunGuid=RunID21E49B744BAB3B68D51F849580C7B2AD
DDCTransactionId9318179042590BC19A03C3BC2668945E_41, PutCachedData=, CacheKey=TEXTURE_814DCC3DC72143F49509781513CB9855_AutoDXT_7EB8292D474FF5860C0B3286001EA__7DF0FAEAE629D585D51AC4397F7FB61770E41B7C, StartTime=2016.05.28-20.00.43, HierarchicalDDC=, DataSize=98614, Duration=1.981933, RunGuid=RunID21E49B744BAB3B68D51F849580C7B2AD
DDCTransactionId09867BE8470D2D760108B691B4FBE165_11, BuildTexture=, CacheKey=TEXTURE_814DCC3DC72143F49509781513CB9855_BGRA8_A72571C34CA855950EAC3AAB579F5E12_07_0000803F0000803F0000803F000000000000803F00000000000000000000803F0000000000000000020000000D000300000000000101000000040000803FFFFFFFFF00000000FF00FF00FFFF8180803B, StartTime=2016.05.28-20.01.01, Duration=20.910475, RunGuid=RunID21E49B744BAB3B68D51F849580C7B2AD
DDCTransactionId9318179042590BC19A03C3BC2668945E_42, PutCachedData=, CacheKey=TEXTURE_814DCC3DC72143F49509781513CB9855_BGRA8_A72571C34CA855950EAC3AAB579F5E1__395C81277608D258D0D55144A7E814EA8B2ED7BC, StartTime=2016.05.28-20.01.01, HierarchicalDDC=, DataSize=359116, Duration=3.078751, RunGuid=RunID21E49B744BAB3B68D51F849580C7B2AD
DDCTransactionId09867BE8470D2D760108B691B4FBE165_12, BuildTexture=, CacheKey=TEXTURE_814DCC3DC72143F49509781513CB9855_BGRA8_2B418F69429A341A7D5A658EA7AE7E95_07_0000803F0000803F0000803F000000000000803F00000000000000000000803F0000000000000000020000000D000300000000000101000000040000803FFFFFFFFF00000000FF00FF00FFFF8180803B, StartTime=2016.05.28-20.01.01, Duration=32.310741, RunGuid=RunID21E49B744BAB3B68D51F849580C7B2AD
DDCTransactionId9318179042590BC19A03C3BC2668945E_43, PutCachedData=, CacheKey=TEXTURE_814DCC3DC72143F49509781513CB9855_BGRA8_2B418F69429A341A7D5A658EA7AE7E9__348FD84BF1C6E2C42E9AECF8ADD714BB606714FA, StartTime=2016.05.28-20.01.01, HierarchicalDDC=, DataSize=809428, Duration=3.679588, RunGuid=RunID21E49B744BAB3B68D51F849580C7B2AD
DDCTransactionId09867BE8470D2D760108B691B4FBE165_13, BuildTexture=, CacheKey=TEXTURE_814DCC3DC72143F49509781513CB9855_AutoDXT_118120114EB88DF036A53E96C2100C57_07_0000803F0000803F0000803F000000000000803F00000000000000000000803F0000000000000000020000000D000300000000000101000000040000803FFFFFFFFF00000000FF00FF00FFFF8180803B, StartTime=2016.05.28-20.02.32, Duration=509.872375, RunGuid=RunID21E49B744BAB3B68D51F849580C7B2AD
DDCTransactionId9318179042590BC19A03C3BC2668945E_44, PutCachedData=, CacheKey=TEXTURE_814DCC3DC72143F49509781513CB9855_AutoDXT_118120114EB88DF036A53E96C2100__5F2A1FFF3F8193496C50DE5D2ACECAF121C94F4E, StartTime=2016.05.28-20.02.32, HierarchicalDDC=, DataSize=123190, Duration=2.281517, RunGuid=RunID21E49B744BAB3B68D51F849580C7B2AD
DDCTransactionId09867BE8470D2D760108B691B4FBE165_14, BuildTexture=, CacheKey=TEXTURE_814DCC3DC72143F49509781513CB9855_BGRA8_118120114EB88DF036A53E96C2100C57_07_0000803F0000803F0000803F000000000000803F00000000000000000000803F0000000000000000020000000D000300000000000101000000040000803FFFFFFFFF00000000FF00FF00FFFF8180803B, StartTime=2016.05.28-20.02.38, Duration=38.221592, RunGuid=RunID21E49B744BAB3B68D51F849580C7B2AD
DDCTransactionId9318179042590BC19A03C3BC2668945E_45, PutCachedData=, CacheKey=TEXTURE_814DCC3DC72143F49509781513CB9855_BGRA8_118120114EB88DF036A53E96C2100C5__12F1BBF9141FF1F3CA08F4DDCE01E87D0A3FD51F, StartTime=2016.05.28-20.02.38, HierarchicalDDC=, DataSize=983352, Duration=4.991777, RunGuid=RunID21E49B744BAB3B68D51F849580C7B2AD
DDCTransactionId09867BE8470D2D760108B691B4FBE165_15, BuildTexture=, CacheKey=TEXTURE_814DCC3DC72143F49509781513CB9855_BGRA8_7EB8292D474FF5860C0B3286001EAA8E_07_0000803F0000803F0000803F000000000000803F00000000000000000000803F0000000000000000020000000D000300000000000101000000040000803FFFFFFFFF00000000FF00FF00FFFF8180803B, StartTime=2016.05.28-20.02.55, Duration=12.089647, RunGuid=RunID21E49B744BAB3B68D51F849580C7B2AD
DDCTransactionId9318179042590BC19A03C3BC2668945E_46, PutCachedData=, CacheKey=TEXTURE_814DCC3DC72143F49509781513CB9855_BGRA8_7EB8292D474FF5860C0B3286001EAA8__7F931FD64522F369E045E4E23B9EB977D9712CB8, StartTime=2016.05.28-20.02.55, HierarchicalDDC=, DataSize=393528, Duration=1.834136, RunGuid=RunID21E49B744BAB3B68D51F849580C7B2AD
DDCTransactionId09867BE8470D2D760108B691B4FBE165_16, BuildTexture=, CacheKey=TEXTURE_814DCC3DC72143F49509781513CB9855_BGRA8_6040524F42B5F151B56599B32AD9407E_07_0000803F0000803F0000803F000000000000803F00000000000000000000803F0000000000000000020000000D000300000000000101000000040000803FFFFFFFFF00000000FF00FF00FFFF8180803B, StartTime=2016.05.28-20.02.59, Duration=14.274302, RunGuid=RunID21E49B744BAB3B68D51F849580C7B2AD
DDCTransactionId9318179042590BC19A03C3BC2668945E_47, PutCachedData=, CacheKey=TEXTURE_814DCC3DC72143F49509781513CB9855_BGRA8_6040524F42B5F151B56599B32AD9407__870CC2D65C366EB5C048EAAFE8506F65DBA74C1E, StartTime=2016.05.28-20.02.59, HierarchicalDDC=, DataSize=393528, Duration=2.711922, RunGuid=RunID21E49B744BAB3B68D51F849580C7B2AD
DDCTransactionId09867BE8470D2D760108B691B4FBE165_17, BuildTexture=, CacheKey=TEXTURE_814DCC3DC72143F49509781513CB9855_BGRA8_70FBE2144E9E03B3586828844F8F9E39_07_0000803F0000803F0000803F000000000000803F00000000000000000000803F0000000000000000020000000D000100000000000101000000040000803FFFFFFFFF00000000FF00FF00FFFF8180803B, StartTime=2016.05.28-20.03.05, Duration=0.837177, RunGuid=RunID21E49B744BAB3B68D51F849580C7B2AD
DDCTransactionId9318179042590BC19A03C3BC2668945E_48, PutCachedData=, CacheKey=TEXTURE_814DCC3DC72143F49509781513CB9855_BGRA8_70FBE2144E9E03B3586828844F8F9E3__AAD3CE188F72F692D5AA9967E2CA3DEDA43A777F, StartTime=2016.05.28-20.03.05, HierarchicalDDC=, DataSize=16696, Duration=1.464978, RunGuid=RunID21E49B744BAB3B68D51F849580C7B2AD
SavePackageTransactionIdD9BBBCA94C4CA8F43B17A490142734EE_0, Filename=../../../../../../Unreal/RepoForGamePrototypes/BossFight 4.11/Content/2DSideScrollerBP/Sprite/Outside_A4_TileSet.uasset, AutoPackageBackupDelegate=0.116173, FlushAsyncLoading=0.008654, FlushStreamingFunc=0.051264, BlockTillAllRequestsFinished=0.005990, ResetLoadersForSaveUnMarkAllObjects=0.507634, TagPackageExports=0.477340, BeginCacheForCookedPlatformData=0.005327, SerializeImports=1.423035, GatherLocalizableTextData=3.095396, MarkNames=0.021968, SerializeSummary=0.036284, SerializeNames=0.067573, SerializeGatherableTextData=0.002664, BuildExportMap=0.025630, SortExportsNonSeekfree=0.008654, SortExportsSeekfreeConstructor=0.107855, SortExportsSeekfreeInner=0.661086, SortExportsSeekfree=0.005327, BuildDependencyMap=0.016309, SerializeImportMap=0.015646, SerializeExportMap=0.005659, SerializeDependencyMap=0.001997, SerializeStringAssetReferenceMap=0.002328, SaveThumbNailsAssetRegistryDataWorldLevelInfo=15.906051, SerializeExports=12.542691, SerializeBulkData=0.069238, MoveFile=0.664748, UnaccountedTime=0.604831, RunGuid=RunID21E49B744BAB3B68D51F849580C7B2AD
SavePackageTransactionIdD9BBBCA94C4CA8F43B17A490142734EE_1, Filename=../../../../../../Unreal/RepoForGamePrototypes/BossFight 4.11/Content/2DSideScrollerBP/Sprite/Level1.uasset, AutoPackageBackupDelegate=0.108518, FlushAsyncLoading=0.005327, FlushStreamingFunc=0.049599, BlockTillAllRequestsFinished=0.004992, ResetLoadersForSaveUnMarkAllObjects=0.242665, TagPackageExports=0.031620, BeginCacheForCookedPlatformData=0.001665, SerializeImports=0.302251, GatherLocalizableTextData=0.136811, MarkNames=0.008985, SerializeSummary=0.013649, SerializeNames=0.020970, SerializeGatherableTextData=0.005659, BuildExportMap=0.019971, SortExportsNonSeekfree=0.008658, SortExportsSeekfreeConstructor=0.010651, SortExportsSeekfreeInner=0.306576, SortExportsSeekfree=0.003662, BuildDependencyMap=0.009321, SerializeImportMap=0.005323, SerializeExportMap=0.004329, SerializeDependencyMap=0.001665, SerializeStringAssetReferenceMap=0.002332, SaveThumbNailsAssetRegistryDataWorldLevelInfo=0.037946, SerializeExports=0.139143, SerializeBulkData=0.006657, MoveFile=0.424083, UnaccountedTime=0.633460, RunGuid=RunID21E49B744BAB3B68D51F849580C7B2AD
SavePackageTransactionIdD9BBBCA94C4CA8F43B17A490142734EE_2, Filename=../../../../../../Unreal/RepoForGamePrototypes/BossFight 4.11/Saved/Autosaves/Game/2DSideScrollerBP/Sprite/Actor4_Auto1.uasset, AutoPackageBackupDelegate=0.102527, FlushAsyncLoading=0.005990, FlushStreamingFunc=0.043940, BlockTillAllRequestsFinished=0.006657, ResetLoadersForSaveUnMarkAllObjects=0.376813, TagPackageExports=0.032622, BeginCacheForCookedPlatformData=0.001665, SerializeImports=0.327215, GatherLocalizableTextData=0.069570, MarkNames=0.004660, SerializeSummary=0.013981, SerializeNames=0.032954, SerializeGatherableTextData=0.001665, BuildExportMap=0.011984, SortExportsNonSeekfree=0.004992, SortExportsSeekfreeConstructor=0.108518, SortExportsSeekfreeInner=0.186410, SortExportsSeekfree=0.003658, BuildDependencyMap=0.007991, SerializeImportMap=0.010651, SerializeExportMap=0.005994, SerializeDependencyMap=0.001665, SerializeStringAssetReferenceMap=0.002332, SaveThumbNailsAssetRegistryDataWorldLevelInfo=8.872423, SerializeExports=0.175755, SerializeBulkData=0.267964, MoveFile=0.641447, UnaccountedTime=0.138808, RunGuid=RunID21E49B744BAB3B68D51F849580C7B2AD
SavePackageTransactionIdD9BBBCA94C4CA8F43B17A490142734EE_3, Filename=../../../../../../Unreal/RepoForGamePrototypes/BossFight 4.11/Saved/Autosaves/Game/2DSideScrollerBP/Sprite/Actor4_1_Auto1.uasset, AutoPackageBackupDelegate=0.107188, FlushAsyncLoading=0.006326, FlushStreamingFunc=0.044938, BlockTillAllRequestsFinished=0.006989, ResetLoadersForSaveUnMarkAllObjects=0.279613, TagPackageExports=0.043273, BeginCacheForCookedPlatformData=0.002999, SerializeImports=0.417754, GatherLocalizableTextData=0.086550, MarkNames=0.007320, SerializeSummary=0.013981, SerializeNames=0.032291, SerializeGatherableTextData=0.001997, BuildExportMap=0.012647, SortExportsNonSeekfree=0.005327, SortExportsSeekfreeConstructor=0.010986, SortExportsSeekfreeInner=0.221029, SortExportsSeekfree=0.005323, BuildDependencyMap=0.017311, SerializeImportMap=0.009321, SerializeExportMap=0.005659, SerializeDependencyMap=0.002328, SerializeStringAssetReferenceMap=0.003994, SaveThumbNailsAssetRegistryDataWorldLevelInfo=4.352663, SerializeExports=0.122163, SerializeBulkData=0.252653, MoveFile=0.680726, UnaccountedTime=0.144135, RunGuid=RunID21E49B744BAB3B68D51F849580C7B2AD
SavePackageTransactionIdD9BBBCA94C4CA8F43B17A490142734EE_4, Filename=../../../../../../Unreal/RepoForGamePrototypes/BossFight 4.11/Saved/Autosaves/Game/2DSideScrollerBP/Sprite/Death_Auto1.uasset, AutoPackageBackupDelegate=0.077892, FlushAsyncLoading=0.004660, FlushStreamingFunc=0.033289, BlockTillAllRequestsFinished=0.004325, ResetLoadersForSaveUnMarkAllObjects=0.239003, TagPackageExports=0.030290, BeginCacheForCookedPlatformData=0.001665, SerializeImports=0.295259, GatherLocalizableTextData=0.068571, MarkNames=0.004660, SerializeSummary=0.012651, SerializeNames=0.031956, SerializeGatherableTextData=0.001665, BuildExportMap=0.011317, SortExportsNonSeekfree=0.005327, SortExportsSeekfreeConstructor=0.010651, SortExportsSeekfreeInner=0.168767, SortExportsSeekfree=0.002995, BuildDependencyMap=0.007324, SerializeImportMap=0.008985, SerializeExportMap=0.009988, SerializeDependencyMap=0.001665, SerializeStringAssetReferenceMap=0.002328, SaveThumbNailsAssetRegistryDataWorldLevelInfo=7.004335, SerializeExports=0.143468, SerializeBulkData=0.223693, MoveFile=0.873130, UnaccountedTime=0.112511, RunGuid=RunID21E49B744BAB3B68D51F849580C7B2AD
SavePackageTransactionIdD9BBBCA94C4CA8F43B17A490142734EE_5, Filename=../../../../../../Unreal/RepoForGamePrototypes/BossFight 4.11/Saved/Autosaves/Game/2DSideScrollerBP/Sprite/DeathWings_Auto1.uasset, AutoPackageBackupDelegate=0.078224, FlushAsyncLoading=0.004992, FlushStreamingFunc=0.032958, BlockTillAllRequestsFinished=0.004325, ResetLoadersForSaveUnMarkAllObjects=0.241000, TagPackageExports=0.053596, BeginCacheForCookedPlatformData=0.002995, SerializeImports=0.353180, GatherLocalizableTextData=0.067573, MarkNames=0.004660, SerializeSummary=0.012647, SerializeNames=0.031624, SerializeGatherableTextData=0.002328, BuildExportMap=0.011653, SortExportsNonSeekfree=0.004992, SortExportsSeekfreeConstructor=0.010986, SortExportsSeekfreeInner=0.168435, SortExportsSeekfree=0.002995, BuildDependencyMap=0.006989, SerializeImportMap=0.012651, SerializeExportMap=0.007655, SerializeDependencyMap=0.001330, SerializeStringAssetReferenceMap=0.001997, SaveThumbNailsAssetRegistryDataWorldLevelInfo=7.229690, SerializeExports=0.139806, SerializeBulkData=0.476677, MoveFile=0.706356, UnaccountedTime=0.118174, RunGuid=RunID21E49B744BAB3B68D51F849580C7B2AD
SavePackageTransactionIdD9BBBCA94C4CA8F43B17A490142734EE_6, Filename=../../../../../../Unreal/RepoForGamePrototypes/BossFight 4.11/Saved/Autosaves/Game/2DSideScrollerBP/Sprite/Outside_A4_Auto1.uasset, AutoPackageBackupDelegate=0.112843, FlushAsyncLoading=0.006992, FlushStreamingFunc=0.052925, BlockTillAllRequestsFinished=0.006989, ResetLoadersForSaveUnMarkAllObjects=1.481291, TagPackageExports=0.046268, BeginCacheForCookedPlatformData=0.003330, SerializeImports=0.507634, GatherLocalizableTextData=0.107184, MarkNames=0.007655, SerializeSummary=0.014979, SerializeNames=0.049267, SerializeGatherableTextData=0.002664, BuildExportMap=0.016976, SortExportsNonSeekfree=0.007987, SortExportsSeekfreeConstructor=0.014979, SortExportsSeekfreeInner=0.313900, SortExportsSeekfree=0.005327, BuildDependencyMap=0.009321, SerializeImportMap=0.018977, SerializeExportMap=0.006322, SerializeDependencyMap=0.002328, SerializeStringAssetReferenceMap=0.003330, SaveThumbNailsAssetRegistryDataWorldLevelInfo=26.324003, SerializeExports=0.139810, SerializeBulkData=0.658754, MoveFile=0.663754, UnaccountedTime=0.120498, RunGuid=RunID21E49B744BAB3B68D51F849580C7B2AD
SavePackageTransactionIdD9BBBCA94C4CA8F43B17A490142734EE_7, Filename=../../../../../../Unreal/RepoForGamePrototypes/BossFight 4.11/Saved/Autosaves/Game/2DSideScrollerBP/Sprite/NewPaperTileMap_Auto1.uasset, AutoPackageBackupDelegate=0.079557, FlushAsyncLoading=0.004325, FlushStreamingFunc=0.059254, BlockTillAllRequestsFinished=0.005323, ResetLoadersForSaveUnMarkAllObjects=0.239003, TagPackageExports=0.010319, BeginCacheForCookedPlatformData=0.001334, SerializeImports=0.279613, GatherLocalizableTextData=0.014313, MarkNames=0.004996, SerializeSummary=0.012647, SerializeNames=0.011653, SerializeGatherableTextData=0.001661, BuildExportMap=0.010319, SortExportsNonSeekfree=0.003330, SortExportsSeekfreeConstructor=0.011984, SortExportsSeekfreeInner=0.020638, SortExportsSeekfree=0.002664, BuildDependencyMap=0.006322, SerializeImportMap=0.062913, SerializeExportMap=0.017643, SerializeDependencyMap=0.000998, SerializeStringAssetReferenceMap=0.001997, SaveThumbNailsAssetRegistryDataWorldLevelInfo=0.016976, SerializeExports=0.006657, SerializeBulkData=0.003997, MoveFile=0.462692, UnaccountedTime=0.119835, RunGuid=RunID21E49B744BAB3B68D51F849580C7B2AD
SavePackageTransactionIdD9BBBCA94C4CA8F43B17A490142734EE_8, Filename=../../../../../../Unreal/RepoForGamePrototypes/BossFight 4.11/Saved/Autosaves/Game/2DSideScrollerBP/Sprite/Level1_Auto1.uasset, AutoPackageBackupDelegate=1.312852, FlushAsyncLoading=0.008322, FlushStreamingFunc=0.065912, BlockTillAllRequestsFinished=0.005990, ResetLoadersForSaveUnMarkAllObjects=0.288934, TagPackageExports=0.073899, BeginCacheForCookedPlatformData=0.003330, SerializeImports=0.556897, GatherLocalizableTextData=0.268627, MarkNames=0.014648, SerializeSummary=0.017308, SerializeNames=0.052597, SerializeGatherableTextData=0.006989, BuildExportMap=0.041276, SortExportsNonSeekfree=0.014313, SortExportsSeekfreeConstructor=0.013981, SortExportsSeekfreeInner=0.802893, SortExportsSeekfree=0.006657, BuildDependencyMap=0.015646, SerializeImportMap=0.008985, SerializeExportMap=0.006657, SerializeDependencyMap=0.002332, SerializeStringAssetReferenceMap=0.003662, SaveThumbNailsAssetRegistryDataWorldLevelInfo=0.073895, SerializeExports=0.507634, SerializeBulkData=0.008989, MoveFile=0.583198, UnaccountedTime=0.109181, RunGuid=RunID21E49B744BAB3B68D51F849580C7B2AD
SavePackageTransactionIdD9BBBCA94C4CA8F43B17A490142734EE_9, Filename=../../../../../../Unreal/RepoForGamePrototypes/BossFight 4.11/Saved/Autosaves/Game/2DSideScrollerBP/Sprite/Actor4_Sprite_12_Auto1.uasset, AutoPackageBackupDelegate=0.109516, FlushAsyncLoading=0.006322, FlushStreamingFunc=0.086550, BlockTillAllRequestsFinished=0.006322, ResetLoadersForSaveUnMarkAllObjects=0.245661, TagPackageExports=0.030957, BeginCacheForCookedPlatformData=0.001665, SerializeImports=0.541586, GatherLocalizableTextData=0.228684, MarkNames=0.010651, SerializeSummary=0.017308, SerializeNames=0.052262, SerializeGatherableTextData=0.001997, BuildExportMap=0.017311, SortExportsNonSeekfree=0.005659, SortExportsSeekfreeConstructor=0.011317, SortExportsSeekfreeInner=1.553521, SortExportsSeekfree=0.018977, BuildDependencyMap=0.021301, SerializeImportMap=0.009656, SerializeExportMap=0.007655, SerializeDependencyMap=0.002328, SerializeStringAssetReferenceMap=0.004329, SaveThumbNailsAssetRegistryDataWorldLevelInfo=7.638458, SerializeExports=0.326548, SerializeBulkData=0.008654, MoveFile=0.998620, UnaccountedTime=0.214372, RunGuid=RunID21E49B744BAB3B68D51F849580C7B2AD
SavePackageTransactionIdD9BBBCA94C4CA8F43B17A490142734EE_10, Filename=../../../../../../Unreal/RepoForGamePrototypes/BossFight 4.11/Saved/Autosaves/Game/2DSideScrollerBP/Sprite/Actor4_Sprite_13_Auto1.uasset, AutoPackageBackupDelegate=0.103191, FlushAsyncLoading=0.005659, FlushStreamingFunc=0.040945, BlockTillAllRequestsFinished=0.005323, ResetLoadersForSaveUnMarkAllObjects=0.272293, TagPackageExports=0.045601, BeginCacheForCookedPlatformData=0.002664, SerializeImports=0.370488, GatherLocalizableTextData=0.174429, MarkNames=0.007987, SerializeSummary=0.013649, SerializeNames=0.049930, SerializeGatherableTextData=0.001665, BuildExportMap=0.015978, SortExportsNonSeekfree=0.005659, SortExportsSeekfreeConstructor=0.009984, SortExportsSeekfreeInner=0.666082, SortExportsSeekfree=0.004329, BuildDependencyMap=0.008654, SerializeImportMap=0.006326, SerializeExportMap=0.004992, SerializeDependencyMap=0.001330, SerializeStringAssetReferenceMap=0.001665, SaveThumbNailsAssetRegistryDataWorldLevelInfo=4.622620, SerializeExports=0.188742, SerializeBulkData=0.006989, MoveFile=0.683725, UnaccountedTime=0.147462, RunGuid=RunID21E49B744BAB3B68D51F849580C7B2AD
SavePackageTransactionIdD9BBBCA94C4CA8F43B17A490142734EE_11, Filename=../../../../../../Unreal/RepoForGamePrototypes/BossFight 4.11/Saved/Autosaves/Game/2DSideScrollerBP/Sprite/Actor4_Sprite_14_Auto1.uasset, AutoPackageBackupDelegate=0.105854, FlushAsyncLoading=0.005323, FlushStreamingFunc=0.058252, BlockTillAllRequestsFinished=0.005659, ResetLoadersForSaveUnMarkAllObjects=0.332542, TagPackageExports=0.076562, BeginCacheForCookedPlatformData=0.004325, SerializeImports=0.751965, GatherLocalizableTextData=0.276618, MarkNames=0.014313, SerializeSummary=0.024632, SerializeNames=0.164773, SerializeGatherableTextData=0.004660, BuildExportMap=0.025298, SortExportsNonSeekfree=0.008989, SortExportsSeekfreeConstructor=0.014979, SortExportsSeekfreeInner=1.870085, SortExportsSeekfree=0.016976, BuildDependencyMap=0.021972, SerializeImportMap=0.006989, SerializeExportMap=0.005659, SerializeDependencyMap=0.003662, SerializeStringAssetReferenceMap=0.004996, SaveThumbNailsAssetRegistryDataWorldLevelInfo=5.065676, SerializeExports=0.301581, SerializeBulkData=0.008989, MoveFile=0.619479, UnaccountedTime=0.117507, RunGuid=RunID21E49B744BAB3B68D51F849580C7B2AD
SavePackageTransactionIdD9BBBCA94C4CA8F43B17A490142734EE_12, Filename=../../../../../../Unreal/RepoForGamePrototypes/BossFight 4.11/Saved/Autosaves/Game/2DSideScrollerBP/Sprite/Actor4_Sprite_15_Auto1.uasset, AutoPackageBackupDelegate=0.103191, FlushAsyncLoading=0.005659, FlushStreamingFunc=0.058584, BlockTillAllRequestsFinished=0.005659, ResetLoadersForSaveUnMarkAllObjects=0.254650, TagPackageExports=0.036284, BeginCacheForCookedPlatformData=0.002328, SerializeImports=0.348520, GatherLocalizableTextData=0.194065, MarkNames=0.009652, SerializeSummary=0.017311, SerializeNames=0.052594, SerializeGatherableTextData=0.002995, BuildExportMap=0.023633, SortExportsNonSeekfree=0.007324, SortExportsSeekfreeConstructor=0.011653, SortExportsSeekfreeInner=1.063529, SortExportsSeekfree=0.009321, BuildDependencyMap=0.014979, SerializeImportMap=0.006326, SerializeExportMap=0.004992, SerializeDependencyMap=0.001334, SerializeStringAssetReferenceMap=0.001997, SaveThumbNailsAssetRegistryDataWorldLevelInfo=4.618626, SerializeExports=0.215370, SerializeBulkData=0.006989, MoveFile=0.657428, UnaccountedTime=0.118837, RunGuid=RunID21E49B744BAB3B68D51F849580C7B2AD
SavePackageTransactionIdD9BBBCA94C4CA8F43B17A490142734EE_13, Filename=../../../../../../Unreal/RepoForGamePrototypes/BossFight 4.11/Saved/Autosaves/Game/2DSideScrollerBP/Sprite/Actor4_Sprite_16_Auto1.uasset, AutoPackageBackupDelegate=0.077892, FlushAsyncLoading=0.004660, FlushStreamingFunc=0.037283, BlockTillAllRequestsFinished=0.004992, ResetLoadersForSaveUnMarkAllObjects=0.245996, TagPackageExports=0.030626, BeginCacheForCookedPlatformData=0.001997, SerializeImports=0.296924, GatherLocalizableTextData=0.173427, MarkNames=0.007991, SerializeSummary=0.014313, SerializeNames=0.050265, SerializeGatherableTextData=0.001997, BuildExportMap=0.016309, SortExportsNonSeekfree=0.005327, SortExportsSeekfreeConstructor=0.011984, SortExportsSeekfreeInner=0.649769, SortExportsSeekfree=0.003994, BuildDependencyMap=0.008322, SerializeImportMap=0.005659, SerializeExportMap=0.004329, SerializeDependencyMap=0.001334, SerializeStringAssetReferenceMap=0.001661, SaveThumbNailsAssetRegistryDataWorldLevelInfo=4.019123, SerializeExports=0.164438, SerializeBulkData=0.006657, MoveFile=0.557564, UnaccountedTime=0.112511, RunGuid=RunID21E49B744BAB3B68D51F849580C7B2AD
SavePackageTransactionIdD9BBBCA94C4CA8F43B17A490142734EE_14, Filename=../../../../../../Unreal/RepoForGamePrototypes/BossFight 4.11/Saved/Autosaves/Game/2DSideScrollerBP/Sprite/Actor4_Sprite_17_Auto1.uasset, AutoPackageBackupDelegate=0.086214, FlushAsyncLoading=0.004992, FlushStreamingFunc=0.036951, BlockTillAllRequestsFinished=0.004660, ResetLoadersForSaveUnMarkAllObjects=0.245661, TagPackageExports=0.034951, BeginCacheForCookedPlatformData=0.003327, SerializeImports=0.337869, GatherLocalizableTextData=0.203717, MarkNames=0.008989, SerializeSummary=0.014313, SerializeNames=0.050597, SerializeGatherableTextData=0.001665, BuildExportMap=0.016645, SortExportsNonSeekfree=0.005990, SortExportsSeekfreeConstructor=0.010319, SortExportsSeekfreeInner=0.907082, SortExportsSeekfree=0.007987, BuildDependencyMap=0.014316, SerializeImportMap=0.009656, SerializeExportMap=0.007320, SerializeDependencyMap=0.001997, SerializeStringAssetReferenceMap=0.002995, SaveThumbNailsAssetRegistryDataWorldLevelInfo=5.504072, SerializeExports=0.304580, SerializeBulkData=0.008654, MoveFile=0.823531, UnaccountedTime=0.159781, RunGuid=RunID21E49B744BAB3B68D51F849580C7B2AD
SavePackageTransactionIdD9BBBCA94C4CA8F43B17A490142734EE_15, Filename=../../../../../../Unreal/RepoForGamePrototypes/BossFight 4.11/Saved/Autosaves/Game/2DSideScrollerBP/Sprite/Actor4_Sprite_18_Auto1.uasset, AutoPackageBackupDelegate=0.106853, FlushAsyncLoading=0.005659, FlushStreamingFunc=0.042941, BlockTillAllRequestsFinished=0.005323, ResetLoadersForSaveUnMarkAllObjects=0.297923, TagPackageExports=0.046603, BeginCacheForCookedPlatformData=0.003330, SerializeImports=0.436395, GatherLocalizableTextData=0.276953, MarkNames=0.013646, SerializeSummary=0.017975, SerializeNames=0.075895, SerializeGatherableTextData=0.004329, BuildExportMap=0.026297, SortExportsNonSeekfree=0.009988, SortExportsSeekfreeConstructor=0.013981, SortExportsSeekfreeInner=0.861809, SortExportsSeekfree=0.007324, BuildDependencyMap=0.883114, SerializeImportMap=0.006326, SerializeExportMap=0.005323, SerializeDependencyMap=0.002664, SerializeStringAssetReferenceMap=0.003662, SaveThumbNailsAssetRegistryDataWorldLevelInfo=6.478392, SerializeExports=0.261974, SerializeBulkData=0.007324, MoveFile=0.722337, UnaccountedTime=0.194732, RunGuid=RunID21E49B744BAB3B68D51F849580C7B2AD
SavePackageTransactionIdD9BBBCA94C4CA8F43B17A490142734EE_16, Filename=../../../../../../Unreal/RepoForGamePrototypes/BossFight 4.11/Saved/Autosaves/Game/2DSideScrollerBP/Sprite/Actor4_Sprite_19_Auto1.uasset, AutoPackageBackupDelegate=0.123166, FlushAsyncLoading=0.006322, FlushStreamingFunc=0.128493, BlockTillAllRequestsFinished=0.007320, ResetLoadersForSaveUnMarkAllObjects=0.286274, TagPackageExports=0.031620, BeginCacheForCookedPlatformData=0.002332, SerializeImports=0.358839, GatherLocalizableTextData=0.190735, MarkNames=0.011984, SerializeSummary=0.017643, SerializeNames=0.061914, SerializeGatherableTextData=0.002995, BuildExportMap=0.017975, SortExportsNonSeekfree=0.005659, SortExportsSeekfreeConstructor=0.010986, SortExportsSeekfreeInner=0.693377, SortExportsSeekfree=0.004992, BuildDependencyMap=0.008322, SerializeImportMap=0.011649, SerializeExportMap=0.008658, SerializeDependencyMap=0.001334, SerializeStringAssetReferenceMap=0.001661, SaveThumbNailsAssetRegistryDataWorldLevelInfo=5.711455, SerializeExports=0.361834, SerializeBulkData=0.009652, MoveFile=1.033571, UnaccountedTime=0.241667, RunGuid=RunID21E49B744BAB3B68D51F849580C7B2AD
SavePackageTransactionIdD9BBBCA94C4CA8F43B17A490142734EE_17, Filename=../../../../../../Unreal/RepoForGamePrototypes/BossFight 4.11/Saved/Autosaves/Game/2DSideScrollerBP/Sprite/Actor4_Sprite_20_Auto1.uasset, AutoPackageBackupDelegate=0.078559, FlushAsyncLoading=0.004660, FlushStreamingFunc=0.035286, BlockTillAllRequestsFinished=0.004660, ResetLoadersForSaveUnMarkAllObjects=0.244327, TagPackageExports=0.032622, BeginCacheForCookedPlatformData=0.001665, SerializeImports=0.301581, GatherLocalizableTextData=0.172764, MarkNames=0.007987, SerializeSummary=0.013981, SerializeNames=0.049930, SerializeGatherableTextData=0.001665, BuildExportMap=0.015978, SortExportsNonSeekfree=0.005327, SortExportsSeekfreeConstructor=0.010651, SortExportsSeekfreeInner=0.756290, SortExportsSeekfree=0.005327, BuildDependencyMap=0.009321, SerializeImportMap=0.011653, SerializeExportMap=0.007987, SerializeDependencyMap=0.001665, SerializeStringAssetReferenceMap=0.001665, SaveThumbNailsAssetRegistryDataWorldLevelInfo=4.478820, SerializeExports=0.322219, SerializeBulkData=0.009321, MoveFile=0.895433, UnaccountedTime=0.167768, RunGuid=RunID21E49B744BAB3B68D51F849580C7B2AD
SavePackageTransactionIdD9BBBCA94C4CA8F43B17A490142734EE_18, Filename=../../../../../../Unreal/RepoForGamePrototypes/BossFight 4.11/Saved/Autosaves/Game/2DSideScrollerBP/Sprite/Actor4_Sprite_21_Auto1.uasset, AutoPackageBackupDelegate=0.079222, FlushAsyncLoading=0.004660, FlushStreamingFunc=0.048269, BlockTillAllRequestsFinished=0.004992, ResetLoadersForSaveUnMarkAllObjects=0.251655, TagPackageExports=0.030957, BeginCacheForCookedPlatformData=0.001665, SerializeImports=0.297587, GatherLocalizableTextData=0.173427, MarkNames=0.007655, SerializeSummary=0.013649, SerializeNames=0.050597, SerializeGatherableTextData=0.001665, BuildExportMap=0.015978, SortExportsNonSeekfree=0.005990, SortExportsSeekfreeConstructor=0.010319, SortExportsSeekfreeInner=0.684056, SortExportsSeekfree=0.003994, BuildDependencyMap=0.008322, SerializeImportMap=0.006326, SerializeExportMap=0.004660, SerializeDependencyMap=0.001334, SerializeStringAssetReferenceMap=0.001665, SaveThumbNailsAssetRegistryDataWorldLevelInfo=4.632272, SerializeExports=0.199724, SerializeBulkData=0.006657, MoveFile=0.822533, UnaccountedTime=0.117835, RunGuid=RunID21E49B744BAB3B68D51F849580C7B2AD
SavePackageTransactionIdD9BBBCA94C4CA8F43B17A490142734EE_19, Filename=../../../../../../Unreal/RepoForGamePrototypes/BossFight 4.11/Saved/Autosaves/Game/2DSideScrollerBP/Sprite/Actor4_Sprite_22_Auto1.uasset, AutoPackageBackupDelegate=0.081889, FlushAsyncLoading=0.004657, FlushStreamingFunc=0.048935, BlockTillAllRequestsFinished=0.004992, ResetLoadersForSaveUnMarkAllObjects=0.273954, TagPackageExports=0.030957, BeginCacheForCookedPlatformData=0.001665, SerializeImports=0.332873, GatherLocalizableTextData=0.175092, MarkNames=0.008322, SerializeSummary=0.016976, SerializeNames=0.051595, SerializeGatherableTextData=0.001665, BuildExportMap=0.016976, SortExportsNonSeekfree=0.005327, SortExportsSeekfreeConstructor=0.010982, SortExportsSeekfreeInner=0.851493, SortExportsSeekfree=0.006326, BuildDependencyMap=0.009984, SerializeImportMap=0.006657, SerializeExportMap=0.004992, SerializeDependencyMap=0.001334, SerializeStringAssetReferenceMap=0.001997, SaveThumbNailsAssetRegistryDataWorldLevelInfo=4.310716, SerializeExports=0.272624, SerializeBulkData=0.008322, MoveFile=0.621811, UnaccountedTime=0.156451, RunGuid=RunID21E49B744BAB3B68D51F849580C7B2AD
SavePackageTransactionIdD9BBBCA94C4CA8F43B17A490142734EE_20, Filename=../../../../../../Unreal/RepoForGamePrototypes/BossFight 4.11/Saved/Autosaves/Game/2DSideScrollerBP/Sprite/Actor4_Sprite_23_Auto1.uasset, AutoPackageBackupDelegate=0.078227, FlushAsyncLoading=0.004325, FlushStreamingFunc=0.030294, BlockTillAllRequestsFinished=0.003994, ResetLoadersForSaveUnMarkAllObjects=0.245992, TagPackageExports=0.030957, BeginCacheForCookedPlatformData=0.001665, SerializeImports=0.311904, GatherLocalizableTextData=0.174426, MarkNames=0.007991, SerializeSummary=0.014313, SerializeNames=0.050265, SerializeGatherableTextData=0.001661, BuildExportMap=0.016313, SortExportsNonSeekfree=0.005659, SortExportsSeekfreeConstructor=0.010319, SortExportsSeekfreeInner=0.645440, SortExportsSeekfree=0.003997, BuildDependencyMap=0.008322, SerializeImportMap=0.006657, SerializeExportMap=0.004992, SerializeDependencyMap=0.001665, SerializeStringAssetReferenceMap=0.001661, SaveThumbNailsAssetRegistryDataWorldLevelInfo=4.215851, SerializeExports=0.221692, SerializeBulkData=0.007324, MoveFile=0.653435, UnaccountedTime=0.122830, RunGuid=RunID21E49B744BAB3B68D51F849580C7B2AD
SavePackageTransactionIdD9BBBCA94C4CA8F43B17A490142734EE_21, Filename=../../../../../../Unreal/RepoForGamePrototypes/BossFight 4.11/Content/2DSideScrollerBP/Sprite/Level1.uasset, AutoPackageBackupDelegate=0.518285, FlushAsyncLoading=0.004996, FlushStreamingFunc=0.091206, BlockTillAllRequestsFinished=0.009321, ResetLoadersForSaveUnMarkAllObjects=0.298254, TagPackageExports=0.407770, BeginCacheForCookedPlatformData=0.003662, SerializeImports=1.418706, GatherLocalizableTextData=80.428345, MarkNames=0.034951, SerializeSummary=0.021636, SerializeNames=0.052929, SerializeGatherableTextData=0.007324, BuildExportMap=0.029624, SortExportsNonSeekfree=0.010319, SortExportsSeekfreeConstructor=0.014979, SortExportsSeekfreeInner=1.324840, SortExportsSeekfree=0.006989, BuildDependencyMap=0.014979, SerializeImportMap=0.008989, SerializeExportMap=0.006657, SerializeDependencyMap=0.001997, SerializeStringAssetReferenceMap=0.003994, SaveThumbNailsAssetRegistryDataWorldLevelInfo=0.085883, SerializeExports=5.703460, SerializeBulkData=0.019640, MoveFile=0.698369, UnaccountedTime=0.985309, RunGuid=RunID21E49B744BAB3B68D51F849580C7B2AD
DDCTransactionId09867BE8470D2D760108B691B4FBE165_18, BuildTexture=, CacheKey=TEXTURE_814DCC3DC72143F49509781513CB9855_BGRA8_BCE8FE5741A00FEBD2B9A5B20374AA1B_07_0000803F0000803F0000803F000000000000803F00000000000000000000803F0000000000000000020000000D000000000000000101000000040000803FFFFFFFFF00000000FF00FF00FFFF8180803B, StartTime=2016.05.28-20.13.20, Duration=0.335537, RunGuid=RunID21E49B744BAB3B68D51F849580C7B2AD
DDCTransactionId9318179042590BC19A03C3BC2668945E_49, PutCachedData=, CacheKey=TEXTURE_814DCC3DC72143F49509781513CB9855_BGRA8_BCE8FE5741A00FEBD2B9A5B20374AA1__4410B99AB8D8E546A8817042EF75F318D48732CD, StartTime=2016.05.28-20.13.20, HierarchicalDDC=, DataSize=16696, Duration=1.842458, RunGuid=RunID21E49B744BAB3B68D51F849580C7B2AD
SavePackageTransactionIdD9BBBCA94C4CA8F43B17A490142734EE_22, Filename=../../../../../../Unreal/RepoForGamePrototypes/BossFight 4.11/Content/2DSideScrollerBP/Sprite/player.uasset, AutoPackageBackupDelegate=0.098530, FlushAsyncLoading=0.005659, FlushStreamingFunc=0.041611, BlockTillAllRequestsFinished=0.004992, ResetLoadersForSaveUnMarkAllObjects=0.267297, TagPackageExports=0.015642, BeginCacheForCookedPlatformData=0.001665, SerializeImports=0.286605, GatherLocalizableTextData=0.033952, MarkNames=0.007324, SerializeSummary=0.016645, SerializeNames=0.023965, SerializeGatherableTextData=0.001665, BuildExportMap=0.036616, SortExportsNonSeekfree=0.005994, SortExportsSeekfreeConstructor=0.014644, SortExportsSeekfreeInner=0.355177, SortExportsSeekfree=0.003994, BuildDependencyMap=0.008989, SerializeImportMap=0.007324, SerializeExportMap=0.004325, SerializeDependencyMap=0.001665, SerializeStringAssetReferenceMap=0.001665, SaveThumbNailsAssetRegistryDataWorldLevelInfo=4.423227, SerializeExports=0.076894, SerializeBulkData=0.006992, MoveFile=0.787247, UnaccountedTime=1.140427, RunGuid=RunID21E49B744BAB3B68D51F849580C7B2AD
SavePackageTransactionIdD9BBBCA94C4CA8F43B17A490142734EE_23, Filename=../../../../../../Unreal/RepoForGamePrototypes/BossFight 4.11/Content/2DSideScrollerBP/Blueprints/2DSideScrollerCharacter.uasset, AutoPackageBackupDelegate=1.258261, FlushAsyncLoading=0.010651, FlushStreamingFunc=0.085216, BlockTillAllRequestsFinished=0.006992, ResetLoadersForSaveUnMarkAllObjects=0.287935, TagPackageExports=17.627340, BeginCacheForCookedPlatformData=0.010986, SerializeImports=22.355482, GatherLocalizableTextData=17.913614, MarkNames=0.231680, SerializeSummary=0.027295, SerializeNames=0.422083, SerializeGatherableTextData=0.152126, BuildExportMap=0.365496, SortExportsNonSeekfree=2.605069, SortExportsSeekfreeConstructor=0.098199, SortExportsSeekfreeInner=35.464390, SortExportsSeekfree=0.014316, BuildDependencyMap=0.159111, SerializeImportMap=0.179753, SerializeExportMap=0.119831, SerializeDependencyMap=0.017311, SerializeStringAssetReferenceMap=0.002664, SaveThumbNailsAssetRegistryDataWorldLevelInfo=2.765518, SerializeExports=22.650406, SerializeBulkData=0.020973, MoveFile=1.074851, UnaccountedTime=1.282565, RunGuid=RunID21E49B744BAB3B68D51F849580C7B2AD
SavePackageTransactionIdD9BBBCA94C4CA8F43B17A490142734EE_24, Filename=../../../../../../Unreal/RepoForGamePrototypes/BossFight 4.11/Content/2DSideScrollerBP/Sprite/Level1.uasset, AutoPackageBackupDelegate=1.123451, FlushAsyncLoading=0.007655, FlushStreamingFunc=0.084218, BlockTillAllRequestsFinished=0.005659, ResetLoadersForSaveUnMarkAllObjects=0.259642, TagPackageExports=0.238668, BeginCacheForCookedPlatformData=0.001997, SerializeImports=0.819538, GatherLocalizableTextData=4.957489, MarkNames=0.020638, SerializeSummary=0.018977, SerializeNames=0.047933, SerializeGatherableTextData=0.005990, BuildExportMap=0.031956, SortExportsNonSeekfree=0.014979, SortExportsSeekfreeConstructor=0.094872, SortExportsSeekfreeInner=1.484618, SortExportsSeekfree=0.008319, BuildDependencyMap=0.013649, SerializeImportMap=0.008322, SerializeExportMap=0.005994, SerializeDependencyMap=0.001661, SerializeStringAssetReferenceMap=0.002332, SaveThumbNailsAssetRegistryDataWorldLevelInfo=0.057921, SerializeExports=4.758764, SerializeBulkData=0.016976, MoveFile=0.888772, UnaccountedTime=0.992630, RunGuid=RunID21E49B744BAB3B68D51F849580C7B2AD
SavePackageTransactionIdD9BBBCA94C4CA8F43B17A490142734EE_25, Filename=../../../../../../Unreal/RepoForGamePrototypes/BossFight 4.11/Content/2DSideScrollerBP/Maps/2DSideScrollerExampleMap.umap, AutoPackageBackupDelegate=1.265589, FlushAsyncLoading=0.009652, FlushStreamingFunc=0.088546, BlockTillAllRequestsFinished=0.007320, ResetLoadersForSaveUnMarkAllObjects=78.759315, TagPackageExports=1.002282, BeginCacheForCookedPlatformData=0.003662, SerializeImports=2.723575, GatherLocalizableTextData=9.703279, MarkNames=0.096533, SerializeSummary=0.024632, SerializeNames=0.457037, SerializeGatherableTextData=0.051927, BuildExportMap=0.257976, SortExportsNonSeekfree=0.407107, SortExportsSeekfreeConstructor=0.091873, SortExportsSeekfreeInner=26.519068, SortExportsSeekfree=0.014979, BuildDependencyMap=0.104193, SerializeImportMap=0.027627, SerializeExportMap=0.032622, SerializeDependencyMap=0.006326, SerializeStringAssetReferenceMap=0.002664, SaveThumbNailsAssetRegistryDataWorldLevelInfo=1.188029, SerializeExports=2.552144, SerializeBulkData=0.008322, MoveFile=0.744306, UnaccountedTime=0.882450, RunGuid=RunID21E49B744BAB3B68D51F849580C7B2AD
SavePackageTransactionIdD9BBBCA94C4CA8F43B17A490142734EE_26, Filename=../../../../../../Unreal/RepoForGamePrototypes/BossFight 4.11/Content/2DSideScrollerBP/Sprite/Actor4.uasset, AutoPackageBackupDelegate=0.101861, FlushAsyncLoading=0.005994, FlushStreamingFunc=0.379141, BlockTillAllRequestsFinished=0.007655, ResetLoadersForSaveUnMarkAllObjects=0.277285, TagPackageExports=0.114176, BeginCacheForCookedPlatformData=0.003327, SerializeImports=0.569217, GatherLocalizableTextData=0.080220, MarkNames=0.006326, SerializeSummary=0.016645, SerializeNames=0.034951, SerializeGatherableTextData=0.001997, BuildExportMap=0.012651, SortExportsNonSeekfree=0.011649, SortExportsSeekfreeConstructor=0.013981, SortExportsSeekfreeInner=0.257976, SortExportsSeekfree=0.005659, BuildDependencyMap=0.009321, SerializeImportMap=0.010651, SerializeExportMap=0.006989, SerializeDependencyMap=0.001997, SerializeStringAssetReferenceMap=0.004329, SaveThumbNailsAssetRegistryDataWorldLevelInfo=8.571170, SerializeExports=0.152789, SerializeBulkData=0.102527, MoveFile=0.722006, UnaccountedTime=1.104474, RunGuid=RunID21E49B744BAB3B68D51F849580C7B2AD
SavePackageTransactionIdD9BBBCA94C4CA8F43B17A490142734EE_27, Filename=../../../../../../Unreal/RepoForGamePrototypes/BossFight 4.11/Content/2DSideScrollerBP/Sprite/Actor4_1.uasset, AutoPackageBackupDelegate=0.090539, FlushAsyncLoading=0.006326, FlushStreamingFunc=0.073232, BlockTillAllRequestsFinished=0.006657, ResetLoadersForSaveUnMarkAllObjects=0.312570, TagPackageExports=0.170764, BeginCacheForCookedPlatformData=0.003327, SerializeImports=0.453375, GatherLocalizableTextData=0.070237, MarkNames=0.004660, SerializeSummary=0.014979, SerializeNames=0.033952, SerializeGatherableTextData=0.001665, BuildExportMap=0.012647, SortExportsNonSeekfree=0.005659, SortExportsSeekfreeConstructor=0.010654, SortExportsSeekfreeInner=0.211373, SortExportsSeekfree=0.004996, BuildDependencyMap=0.007655, SerializeImportMap=0.005994, SerializeExportMap=0.004660, SerializeDependencyMap=0.001665, SerializeStringAssetReferenceMap=0.001997, SaveThumbNailsAssetRegistryDataWorldLevelInfo=4.044753, SerializeExports=0.111181, SerializeBulkData=0.023965, MoveFile=0.538923, UnaccountedTime=0.768270, RunGuid=RunID21E49B744BAB3B68D51F849580C7B2AD
SavePackageTransactionIdD9BBBCA94C4CA8F43B17A490142734EE_28, Filename=../../../../../../Unreal/RepoForGamePrototypes/BossFight 4.11/Content/2DSideScrollerBP/Sprite/Death.uasset, AutoPackageBackupDelegate=0.084884, FlushAsyncLoading=0.004992, FlushStreamingFunc=0.040278, BlockTillAllRequestsFinished=0.004329, ResetLoadersForSaveUnMarkAllObjects=0.244994, TagPackageExports=0.098862, BeginCacheForCookedPlatformData=0.002332, SerializeImports=0.443056, GatherLocalizableTextData=0.073563, MarkNames=0.004660, SerializeSummary=0.016313, SerializeNames=0.035618, SerializeGatherableTextData=0.001997, BuildExportMap=0.014644, SortExportsNonSeekfree=0.005659, SortExportsSeekfreeConstructor=0.011653, SortExportsSeekfreeInner=0.178419, SortExportsSeekfree=0.004329, BuildDependencyMap=0.007655, SerializeImportMap=0.009321, SerializeExportMap=0.004996, SerializeDependencyMap=0.001665, SerializeStringAssetReferenceMap=0.002332, SaveThumbNailsAssetRegistryDataWorldLevelInfo=7.388469, SerializeExports=0.155121, SerializeBulkData=0.074562, MoveFile=0.594512, UnaccountedTime=0.744972, RunGuid=RunID21E49B744BAB3B68D51F849580C7B2AD
SavePackageTransactionIdD9BBBCA94C4CA8F43B17A490142734EE_29, Filename=../../../../../../Unreal/RepoForGamePrototypes/BossFight 4.11/Content/2DSideScrollerBP/Sprite/DeathWings.uasset, AutoPackageBackupDelegate=0.081219, FlushAsyncLoading=0.004996, FlushStreamingFunc=0.036947, BlockTillAllRequestsFinished=0.004660, ResetLoadersForSaveUnMarkAllObjects=0.238672, TagPackageExports=0.093538, BeginCacheForCookedPlatformData=0.001997, SerializeImports=0.443388, GatherLocalizableTextData=0.100195, MarkNames=0.009321, SerializeSummary=0.016976, SerializeNames=0.052262, SerializeGatherableTextData=0.005323, BuildExportMap=0.019308, SortExportsNonSeekfree=0.008322, SortExportsSeekfreeConstructor=0.014979, SortExportsSeekfreeInner=0.246659, SortExportsSeekfree=0.004992, BuildDependencyMap=0.007655, SerializeImportMap=0.009321, SerializeExportMap=0.004992, SerializeDependencyMap=0.001665, SerializeStringAssetReferenceMap=0.001997, SaveThumbNailsAssetRegistryDataWorldLevelInfo=8.247618, SerializeExports=0.142138, SerializeBulkData=0.189736, MoveFile=0.654764, UnaccountedTime=1.566839, RunGuid=RunID21E49B744BAB3B68D51F849580C7B2AD
SavePackageTransactionIdD9BBBCA94C4CA8F43B17A490142734EE_30, Filename=../../../../../../Unreal/RepoForGamePrototypes/BossFight 4.11/Content/2DSideScrollerBP/Sprite/Outside_A4.uasset, AutoPackageBackupDelegate=0.078894, FlushAsyncLoading=0.004660, FlushStreamingFunc=0.034615, BlockTillAllRequestsFinished=0.004329, ResetLoadersForSaveUnMarkAllObjects=0.250988, TagPackageExports=0.091873, BeginCacheForCookedPlatformData=0.002332, SerializeImports=0.433400, GatherLocalizableTextData=0.074897, MarkNames=0.006657, SerializeSummary=0.017643, SerializeNames=0.033952, SerializeGatherableTextData=0.001665, BuildExportMap=0.012651, SortExportsNonSeekfree=0.005659, SortExportsSeekfreeConstructor=0.010651, SortExportsSeekfreeInner=0.243995, SortExportsSeekfree=0.005994, BuildDependencyMap=0.009652, SerializeImportMap=0.012651, SerializeExportMap=0.007655, SerializeDependencyMap=0.002328, SerializeStringAssetReferenceMap=0.003330, SaveThumbNailsAssetRegistryDataWorldLevelInfo=15.432369, SerializeExports=0.130486, SerializeBulkData=0.310905, MoveFile=0.738647, UnaccountedTime=0.820532, RunGuid=RunID21E49B744BAB3B68D51F849580C7B2AD
SavePackageTransactionIdD9BBBCA94C4CA8F43B17A490142734EE_31, Filename=../../../../../../Unreal/RepoForGamePrototypes/BossFight 4.11/Content/2DSideScrollerBP/Sprite/NewPaperTileMap.uasset, AutoPackageBackupDelegate=0.078890, FlushAsyncLoading=0.004660, FlushStreamingFunc=1.212660, BlockTillAllRequestsFinished=0.006326, ResetLoadersForSaveUnMarkAllObjects=0.361834, TagPackageExports=0.013649, BeginCacheForCookedPlatformData=0.001665, SerializeImports=0.359170, GatherLocalizableTextData=0.015311, MarkNames=0.004996, SerializeSummary=0.012647, SerializeNames=0.011984, SerializeGatherableTextData=0.001997, BuildExportMap=0.010986, SortExportsNonSeekfree=0.003662, SortExportsSeekfreeConstructor=0.011649, SortExportsSeekfreeInner=0.020970, SortExportsSeekfree=0.002664, BuildDependencyMap=0.006992, SerializeImportMap=0.045937, SerializeExportMap=0.019308, SerializeDependencyMap=0.001330, SerializeStringAssetReferenceMap=0.001997, SaveThumbNailsAssetRegistryDataWorldLevelInfo=0.016976, SerializeExports=0.006992, SerializeBulkData=0.004325, MoveFile=0.478007, UnaccountedTime=0.700034, RunGuid=RunID21E49B744BAB3B68D51F849580C7B2AD
SavePackageTransactionIdD9BBBCA94C4CA8F43B17A490142734EE_32, Filename=../../../../../../Unreal/RepoForGamePrototypes/BossFight 4.11/Content/2DSideScrollerBP/Sprite/Actor4_Sprite_12.uasset, AutoPackageBackupDelegate=0.122830, FlushAsyncLoading=0.006657, FlushStreamingFunc=0.053592, BlockTillAllRequestsFinished=0.005994, ResetLoadersForSaveUnMarkAllObjects=0.287600, TagPackageExports=0.045601, BeginCacheForCookedPlatformData=0.002999, SerializeImports=0.491321, GatherLocalizableTextData=0.254314, MarkNames=0.014313, SerializeSummary=0.018641, SerializeNames=0.054594, SerializeGatherableTextData=0.001997, BuildExportMap=0.018641, SortExportsNonSeekfree=0.005659, SortExportsSeekfreeConstructor=0.010982, SortExportsSeekfreeInner=0.971992, SortExportsSeekfree=0.008989, BuildDependencyMap=0.012983, SerializeImportMap=0.006326, SerializeExportMap=0.005327, SerializeDependencyMap=0.001665, SerializeStringAssetReferenceMap=0.002995, SaveThumbNailsAssetRegistryDataWorldLevelInfo=4.718155, SerializeExports=0.209711, SerializeBulkData=0.007655, MoveFile=0.590518, UnaccountedTime=0.939038, RunGuid=RunID21E49B744BAB3B68D51F849580C7B2AD
SavePackageTransactionIdD9BBBCA94C4CA8F43B17A490142734EE_33, Filename=../../../../../../Unreal/RepoForGamePrototypes/BossFight 4.11/Content/2DSideScrollerBP/Sprite/Actor4_Sprite_13.uasset, AutoPackageBackupDelegate=0.102859, FlushAsyncLoading=0.005659, FlushStreamingFunc=0.045937, BlockTillAllRequestsFinished=0.005990, ResetLoadersForSaveUnMarkAllObjects=0.264637, TagPackageExports=0.030957, BeginCacheForCookedPlatformData=0.001661, SerializeImports=0.531603, GatherLocalizableTextData=0.176754, MarkNames=0.008322, SerializeSummary=0.015646, SerializeNames=0.050597, SerializeGatherableTextData=0.001665, BuildExportMap=0.016641, SortExportsNonSeekfree=0.005659, SortExportsSeekfreeConstructor=0.010319, SortExportsSeekfreeInner=0.661753, SortExportsSeekfree=0.004996, BuildDependencyMap=0.009652, SerializeImportMap=0.005990, SerializeExportMap=0.004329, SerializeDependencyMap=0.001334, SerializeStringAssetReferenceMap=0.001661, SaveThumbNailsAssetRegistryDataWorldLevelInfo=4.077375, SerializeExports=0.191070, SerializeBulkData=0.006326, MoveFile=0.689715, UnaccountedTime=0.826858, RunGuid=RunID21E49B744BAB3B68D51F849580C7B2AD
SavePackageTransactionIdD9BBBCA94C4CA8F43B17A490142734EE_34, Filename=../../../../../../Unreal/RepoForGamePrototypes/BossFight 4.11/Content/2DSideScrollerBP/Sprite/Actor4_Sprite_14.uasset, AutoPackageBackupDelegate=0.081219, FlushAsyncLoading=0.004660, FlushStreamingFunc=0.060916, BlockTillAllRequestsFinished=0.007991, ResetLoadersForSaveUnMarkAllObjects=0.311900, TagPackageExports=0.048269, BeginCacheForCookedPlatformData=0.003327, SerializeImports=0.521947, GatherLocalizableTextData=0.218034, MarkNames=0.009984, SerializeSummary=0.015315, SerializeNames=0.051260, SerializeGatherableTextData=0.001665, BuildExportMap=0.016313, SortExportsNonSeekfree=0.005659, SortExportsSeekfreeConstructor=0.010982, SortExportsSeekfreeInner=0.921730, SortExportsSeekfree=0.005323, BuildDependencyMap=0.008658, SerializeImportMap=0.008322, SerializeExportMap=0.006657, SerializeDependencyMap=0.000998, SerializeStringAssetReferenceMap=0.001665, SaveThumbNailsAssetRegistryDataWorldLevelInfo=4.215847, SerializeExports=0.261974, SerializeBulkData=0.007987, MoveFile=0.699036, UnaccountedTime=0.813875, RunGuid=RunID21E49B744BAB3B68D51F849580C7B2AD
SavePackageTransactionIdD9BBBCA94C4CA8F43B17A490142734EE_35, Filename=../../../../../../Unreal/RepoForGamePrototypes/BossFight 4.11/Content/2DSideScrollerBP/Sprite/Actor4_Sprite_15.uasset, AutoPackageBackupDelegate=0.112843, FlushAsyncLoading=0.006326, FlushStreamingFunc=0.071567, BlockTillAllRequestsFinished=0.006992, ResetLoadersForSaveUnMarkAllObjects=0.279944, TagPackageExports=0.034951, BeginCacheForCookedPlatformData=0.001997, SerializeImports=0.354510, GatherLocalizableTextData=0.259310, MarkNames=0.015646, SerializeSummary=0.018641, SerializeNames=0.066575, SerializeGatherableTextData=0.002995, BuildExportMap=0.018641, SortExportsNonSeekfree=0.005659, SortExportsSeekfreeConstructor=0.010986, SortExportsSeekfreeInner=0.765607, SortExportsSeekfree=0.005994, BuildDependencyMap=0.009652, SerializeImportMap=0.010319, SerializeExportMap=0.006989, SerializeDependencyMap=0.001330, SerializeStringAssetReferenceMap=0.001665, SaveThumbNailsAssetRegistryDataWorldLevelInfo=5.215135, SerializeExports=0.383474, SerializeBulkData=0.009652, MoveFile=0.747304, UnaccountedTime=0.879783, RunGuid=RunID21E49B744BAB3B68D51F849580C7B2AD
SavePackageTransactionIdD9BBBCA94C4CA8F43B17A490142734EE_36, Filename=../../../../../../Unreal/RepoForGamePrototypes/BossFight 4.11/Content/2DSideScrollerBP/Sprite/Actor4_Sprite_16.uasset, AutoPackageBackupDelegate=0.079557, FlushAsyncLoading=0.004329, FlushStreamingFunc=0.033952, BlockTillAllRequestsFinished=0.004329, ResetLoadersForSaveUnMarkAllObjects=0.239003, TagPackageExports=0.030622, BeginCacheForCookedPlatformData=0.001665, SerializeImports=0.294592, GatherLocalizableTextData=0.179753, MarkNames=0.008658, SerializeSummary=0.014313, SerializeNames=0.050597, SerializeGatherableTextData=0.001665, BuildExportMap=0.016309, SortExportsNonSeekfree=0.005990, SortExportsSeekfreeConstructor=0.010319, SortExportsSeekfreeInner=0.648439, SortExportsSeekfree=0.004660, BuildDependencyMap=0.008989, SerializeImportMap=0.011317, SerializeExportMap=0.008322, SerializeDependencyMap=0.001334, SerializeStringAssetReferenceMap=0.001665, SaveThumbNailsAssetRegistryDataWorldLevelInfo=4.379287, SerializeExports=0.310905, SerializeBulkData=0.009652, MoveFile=0.860814, UnaccountedTime=0.737980, RunGuid=RunID21E49B744BAB3B68D51F849580C7B2AD
SavePackageTransactionIdD9BBBCA94C4CA8F43B17A490142734EE_37, Filename=../../../../../../Unreal/RepoForGamePrototypes/BossFight 4.11/Content/2DSideScrollerBP/Sprite/Actor4_Sprite_17.uasset, AutoPackageBackupDelegate=0.101194, FlushAsyncLoading=0.005327, FlushStreamingFunc=0.043940, BlockTillAllRequestsFinished=0.004660, ResetLoadersForSaveUnMarkAllObjects=0.269629, TagPackageExports=0.030957, BeginCacheForCookedPlatformData=0.001661, SerializeImports=0.294928, GatherLocalizableTextData=0.174426, MarkNames=0.007655, SerializeSummary=0.014316, SerializeNames=0.050262, SerializeGatherableTextData=0.001997, BuildExportMap=0.015978, SortExportsNonSeekfree=0.005659, SortExportsSeekfreeConstructor=0.010654, SortExportsSeekfreeInner=0.709686, SortExportsSeekfree=0.004992, BuildDependencyMap=0.009321, SerializeImportMap=0.007655, SerializeExportMap=0.006326, SerializeDependencyMap=0.001661, SerializeStringAssetReferenceMap=0.001334, SaveThumbNailsAssetRegistryDataWorldLevelInfo=4.247137, SerializeExports=0.286605, SerializeBulkData=0.008322, MoveFile=0.821866, UnaccountedTime=0.713680, RunGuid=RunID21E49B744BAB3B68D51F849580C7B2AD
SavePackageTransactionIdD9BBBCA94C4CA8F43B17A490142734EE_38, Filename=../../../../../../Unreal/RepoForGamePrototypes/BossFight 4.11/Content/2DSideScrollerBP/Sprite/Actor4_Sprite_18.uasset, AutoPackageBackupDelegate=0.103526, FlushAsyncLoading=0.005327, FlushStreamingFunc=0.056256, BlockTillAllRequestsFinished=0.005990, ResetLoadersForSaveUnMarkAllObjects=0.270627, TagPackageExports=0.044271, BeginCacheForCookedPlatformData=0.002664, SerializeImports=0.536926, GatherLocalizableTextData=0.266299, MarkNames=0.013314, SerializeSummary=0.018306, SerializeNames=0.061583, SerializeGatherableTextData=0.002664, BuildExportMap=0.017975, SortExportsNonSeekfree=0.005994, SortExportsSeekfreeConstructor=0.010651, SortExportsSeekfreeInner=0.732988, SortExportsSeekfree=0.005990, BuildDependencyMap=0.011317, SerializeImportMap=0.005990, SerializeExportMap=0.005327, SerializeDependencyMap=0.001997, SerializeStringAssetReferenceMap=0.003330, SaveThumbNailsAssetRegistryDataWorldLevelInfo=4.275765, SerializeExports=0.203386, SerializeBulkData=0.006992, MoveFile=0.769604, UnaccountedTime=0.900425, RunGuid=RunID21E49B744BAB3B68D51F849580C7B2AD
SavePackageTransactionIdD9BBBCA94C4CA8F43B17A490142734EE_39, Filename=../../../../../../Unreal/RepoForGamePrototypes/BossFight 4.11/Content/2DSideScrollerBP/Sprite/Actor4_Sprite_19.uasset, AutoPackageBackupDelegate=0.100862, FlushAsyncLoading=0.005323, FlushStreamingFunc=0.036951, BlockTillAllRequestsFinished=0.004325, ResetLoadersForSaveUnMarkAllObjects=0.247661, TagPackageExports=0.030957, BeginCacheForCookedPlatformData=0.001997, SerializeImports=0.300255, GatherLocalizableTextData=0.181414, MarkNames=0.008658, SerializeSummary=0.014644, SerializeNames=0.059251, SerializeGatherableTextData=0.001997, BuildExportMap=0.016980, SortExportsNonSeekfree=0.005990, SortExportsSeekfreeConstructor=0.010651, SortExportsSeekfreeInner=0.657760, SortExportsSeekfree=0.004329, BuildDependencyMap=0.007987, SerializeImportMap=0.008989, SerializeExportMap=0.006326, SerializeDependencyMap=0.001330, SerializeStringAssetReferenceMap=0.001665, SaveThumbNailsAssetRegistryDataWorldLevelInfo=4.281424, SerializeExports=0.280611, SerializeBulkData=0.008322, MoveFile=0.767939, UnaccountedTime=0.614151, RunGuid=RunID21E49B744BAB3B68D51F849580C7B2AD
SavePackageTransactionIdD9BBBCA94C4CA8F43B17A490142734EE_40, Filename=../../../../../../Unreal/RepoForGamePrototypes/BossFight 4.11/Content/2DSideScrollerBP/Sprite/Actor4_Sprite_20.uasset, AutoPackageBackupDelegate=0.101525, FlushAsyncLoading=0.004996, FlushStreamingFunc=0.081554, BlockTillAllRequestsFinished=0.007324, ResetLoadersForSaveUnMarkAllObjects=0.264965, TagPackageExports=0.031289, BeginCacheForCookedPlatformData=0.001665, SerializeImports=0.368826, GatherLocalizableTextData=0.173759, MarkNames=0.007991, SerializeSummary=0.014644, SerializeNames=0.050597, SerializeGatherableTextData=0.001665, BuildExportMap=0.016309, SortExportsNonSeekfree=0.005659, SortExportsSeekfreeConstructor=0.009988, SortExportsSeekfreeInner=0.656094, SortExportsSeekfree=0.004329, BuildDependencyMap=0.007987, SerializeImportMap=0.008985, SerializeExportMap=0.007655, SerializeDependencyMap=0.001334, SerializeStringAssetReferenceMap=0.001665, SaveThumbNailsAssetRegistryDataWorldLevelInfo=4.170909, SerializeExports=0.186078, SerializeBulkData=0.006657, MoveFile=0.728995, UnaccountedTime=0.907082, RunGuid=RunID21E49B744BAB3B68D51F849580C7B2AD
SavePackageTransactionIdD9BBBCA94C4CA8F43B17A490142734EE_41, Filename=../../../../../../Unreal/RepoForGamePrototypes/BossFight 4.11/Content/2DSideScrollerBP/Sprite/Actor4_Sprite_21.uasset, AutoPackageBackupDelegate=0.086214, FlushAsyncLoading=0.005659, FlushStreamingFunc=0.049599, BlockTillAllRequestsFinished=0.005994, ResetLoadersForSaveUnMarkAllObjects=0.263635, TagPackageExports=0.043273, BeginCacheForCookedPlatformData=0.002332, SerializeImports=0.443719, GatherLocalizableTextData=0.238337, MarkNames=0.014316, SerializeSummary=0.016976, SerializeNames=0.052925, SerializeGatherableTextData=0.001997, BuildExportMap=0.017311, SortExportsNonSeekfree=0.005990, SortExportsSeekfreeConstructor=0.010654, SortExportsSeekfreeInner=0.893764, SortExportsSeekfree=0.006992, BuildDependencyMap=0.012316, SerializeImportMap=0.006322, SerializeExportMap=0.004996, SerializeDependencyMap=0.001997, SerializeStringAssetReferenceMap=0.002664, SaveThumbNailsAssetRegistryDataWorldLevelInfo=4.176237, SerializeExports=0.196062, SerializeBulkData=0.007324, MoveFile=0.581864, UnaccountedTime=0.641778, RunGuid=RunID21E49B744BAB3B68D51F849580C7B2AD
SavePackageTransactionIdD9BBBCA94C4CA8F43B17A490142734EE_42, Filename=../../../../../../Unreal/RepoForGamePrototypes/BossFight 4.11/Content/2DSideScrollerBP/Sprite/Actor4_Sprite_22.uasset, AutoPackageBackupDelegate=0.147130, FlushAsyncLoading=0.004996, FlushStreamingFunc=0.041276, BlockTillAllRequestsFinished=0.004660, ResetLoadersForSaveUnMarkAllObjects=0.244327, TagPackageExports=0.061914, BeginCacheForCookedPlatformData=0.003662, SerializeImports=0.523608, GatherLocalizableTextData=0.229351, MarkNames=0.009652, SerializeSummary=0.016313, SerializeNames=0.052258, SerializeGatherableTextData=0.002000, BuildExportMap=0.017308, SortExportsNonSeekfree=0.005327, SortExportsSeekfreeConstructor=0.010651, SortExportsSeekfreeInner=0.737984, SortExportsSeekfree=0.004992, BuildDependencyMap=0.009321, SerializeImportMap=0.005659, SerializeExportMap=0.003994, SerializeDependencyMap=0.001330, SerializeStringAssetReferenceMap=0.001665, SaveThumbNailsAssetRegistryDataWorldLevelInfo=3.922585, SerializeExports=0.166439, SerializeBulkData=0.006657, MoveFile=0.586193, UnaccountedTime=0.794571, RunGuid=RunID21E49B744BAB3B68D51F849580C7B2AD
SavePackageTransactionIdD9BBBCA94C4CA8F43B17A490142734EE_43, Filename=../../../../../../Unreal/RepoForGamePrototypes/BossFight 4.11/Content/2DSideScrollerBP/Sprite/Actor4_Sprite_23.uasset, AutoPackageBackupDelegate=0.089545, FlushAsyncLoading=0.004992, FlushStreamingFunc=0.048269, BlockTillAllRequestsFinished=0.005323, ResetLoadersForSaveUnMarkAllObjects=0.241999, TagPackageExports=0.030622, BeginCacheForCookedPlatformData=0.001665, SerializeImports=0.303581, GatherLocalizableTextData=0.175092, MarkNames=0.007655, SerializeSummary=0.014979, SerializeNames=0.058919, SerializeGatherableTextData=0.003327, BuildExportMap=0.024967, SortExportsNonSeekfree=0.009652, SortExportsSeekfreeConstructor=0.014316, SortExportsSeekfreeInner=1.014933, SortExportsSeekfree=0.010319, BuildDependencyMap=0.013981, SerializeImportMap=0.010319, SerializeExportMap=0.007655, SerializeDependencyMap=0.001997, SerializeStringAssetReferenceMap=0.002332, SaveThumbNailsAssetRegistryDataWorldLevelInfo=4.628945, SerializeExports=0.360504, SerializeBulkData=0.009652, MoveFile=0.798564, UnaccountedTime=0.644445, RunGuid=RunID21E49B744BAB3B68D51F849580C7B2AD
SavePackageTransactionIdD9BBBCA94C4CA8F43B17A490142734EE_44, Filename=../../../../../../Unreal/RepoForGamePrototypes/BossFight 4.11/Content/2DSideScrollerBP/Blueprints/2DSideScrollerCharacter.uasset, AutoPackageBackupDelegate=0.417091, FlushAsyncLoading=0.003662, FlushStreamingFunc=0.081889, BlockTillAllRequestsFinished=0.007655, ResetLoadersForSaveUnMarkAllObjects=0.246659, TagPackageExports=16.802147, BeginCacheForCookedPlatformData=0.011317, SerializeImports=24.400328, GatherLocalizableTextData=14.831863, MarkNames=0.167437, SerializeSummary=0.025965, SerializeNames=0.419755, SerializeGatherableTextData=0.158779, BuildExportMap=0.342861, SortExportsNonSeekfree=2.579439, SortExportsSeekfreeConstructor=0.102192, SortExportsSeekfreeInner=31.435951, SortExportsSeekfree=0.014979, BuildDependencyMap=0.166103, SerializeImportMap=0.028294, SerializeExportMap=0.077561, SerializeDependencyMap=0.017308, SerializeStringAssetReferenceMap=0.002995, SaveThumbNailsAssetRegistryDataWorldLevelInfo=2.960581, SerializeExports=20.884182, SerializeBulkData=0.018306, MoveFile=1.035571, UnaccountedTime=0.264302, RunGuid=RunID21E49B744BAB3B68D51F849580C7B2AD
DDCTransactionId09867BE8470D2D760108B691B4FBE165_19, BuildTexture=, CacheKey=TEXTURE_814DCC3DC72143F49509781513CB9855_AutoDXT_D1E814BA40821C40AD8995ADAEF3825D_07_0000803F0000803F0000803F000000000000803F00000000000000000000803F00000000000000000200000001000100000000000101000000040000803FFFFFFFFF00000000FF00FF00FFFF8180803B, StartTime=2016.05.28-20.22.20, Duration=13.780314, RunGuid=RunID21E49B744BAB3B68D51F849580C7B2AD
DDCTransactionId9318179042590BC19A03C3BC2668945E_50, PutCachedData=, CacheKey=TEXTURE_814DCC3DC72143F49509781513CB9855_AutoDXT_D1E814BA40821C40AD8995ADAEF38__C83796E3C45183B5819DA3E4E26EA607CFBA43A0, StartTime=2016.05.28-20.22.20, HierarchicalDDC=, DataSize=33031, Duration=2.134055, RunGuid=RunID21E49B744BAB3B68D51F849580C7B2AD
DDCTransactionId9318179042590BC19A03C3BC2668945E_51, PutCachedData=, CacheKey=TEXTURE_814DCC3DC72143F49509781513CB9855_AutoDXT_D1E814BA40821C40AD8995ADAEF38__980B21D1565B895812A2E534F397AD7CA25DEEFC, StartTime=2016.05.28-20.22.20, HierarchicalDDC=, DataSize=8455, Duration=1.665037, RunGuid=RunID21E49B744BAB3B68D51F849580C7B2AD
DDCTransactionId9318179042590BC19A03C3BC2668945E_52, PutCachedData=, CacheKey=TEXTURE_814DCC3DC72143F49509781513CB9855_AutoDXT_D1E814BA40821C40AD8995ADAEF38__F6CEEFF353BA9D3DC00A0FD4AFCC7F996E7AA804, StartTime=2016.05.28-20.22.20, HierarchicalDDC=, DataSize=3860, Duration=1.016267, RunGuid=RunID21E49B744BAB3B68D51F849580C7B2AD
MaterialTransactionId01BAE032450502171E75E0A995D35783_0, CacheKey=MATSM_4F0644619F9C48FF91E0D494C95EB050_PCD3D_SM5_5__BC5N_DEV_SL_NoDBuf_EARLYZ355FF683A470C4A6AF60B16BE4B8B5827_Num_SM5__0___TBasePassVSFNoLightMapPolicyAtmosphericFog8B18AAF8F9198748E9489BA6EBEFA581D907D7CD2094224222222222222222222222224222222222222222222222222222222222222222222424444444440222222222222222222222244442222222222222222222222222222221240222224222222222222222222222222222222222222222222222222222222000044040000001400000014000000140000001400000014000000_TBasePassVSFNoLightMapPolicy8B18AAF8F9198748E9489BA6EBEFA581D907D7CD2094224222222222222222222222224222222222222222222222222222222222222222222424444444440222222222222222222222244442222222222222222222222222222221240222224222222222222222222222222222222222222222222222222222222000044040000001400000014000000140000001400000014000000_TBasePassPSFNoLightMapPolicy8B95D470BB4BF92A5C22A48B60B9DA18A2BE42522144224222222222222222222222224222222222222222222222222222222222222222222424444444440222222222222222222222244442222222222222222222222222222221240222224222222222222222222222222222222222222222222222222222222222202004044001400000014000000140000001400000014000000_FEvaluateSurfelMaterialCS6258113C2EBBF117ED7778A8D1717F7C4F99C7B816742242222222222222222222222242222222222222222222222222222222222222222224244444444402222222222222222222222444422222222222222222222222222222222222222222222222222220000440414000000140000001400000014000000_FConvertToUniformMeshVSE7DF727A12438F2D529D6604B0B1C022849CCFEB152422422222222222222222222222422222222222222222222222222222222222222222242444444444022222222222222222222224444222222222222222222222222222222124022020040441400000014000000140000001400000014000000_FConvertToUniformMeshGSE7DF727A12438F2D529D6604B0B1C022849CCFEB152422422222222222222222222222422222222222222222222222222222222222222222242444444444022222222222222222222224444222222222222222222222222222222124022020040441400000014000000140000001400000014000000_FVelocityVS81DA4B314A9A57ACE05F098D9067A1D6008E0F4915542242222222222222222222222242222222222222222222222222222222222222222224244444444402222222222222222222222444422222222222222222222222222222212402222220000440400001400000014000000140000001400000014000000_FVelocityPS81DA4B314A9A57ACE05F098D9067A1D6008E0F49152422422222222222222222222222422222222222222222222222222222222222222222242444444444022222222222222222222224444222222222222222222222222222222124022020040441400000014000000140000001400000014000000_FHitProxyVS5C0034ED3664D7841C91925A723592E72A2B36DA152422422222222222222222222222422222222222222222222222222222222222222222242444444444022222222222222222222224444222222222222222222222222222222124022020040441400000014000000140000001400000014000000_FHitProxyPS4C4A0D45A86AB444F719FBBE7F5185DFF305E7E115542242222222222222222222222242222222222222222222222222222222222222222224244444444402222222222222222222222444422222222222222222222222222222212402222220000440400001400000014000000140000001400000014000000_VelocityPipelineCFC2B26C85BEC0429A7DDF4C83B44B178985C713_FLocalVertexFactory5897CEF715AB93237703E35F9ABEBB43E8E477D34224200000000058000040404040404040404040434343444443434343404040404040404040404343434040404044040404040404040404040404343434444434343434040404040404040404043434340404016101010101000424244444444444444424141414341414141413131414141444341444044444444444444414141414141414141434143414141414141414141414131314444414241444444414101010004443414341414141444444434341434444444404444444444444444444444444444444444444444444444444444444444444444444444444404010101010101010101010101010101010101010101010101210443434343444144444444444444440101010101010101010101010101301434143424141414244414130331313141444444440000250000001000000010000000100000001000000010000000100000001000000010000000100000001000000010000000100000001000000010000000100000001000000010000000100000001000000010000000100000001000000010000000100000001000000025000000100000001000000010000000100000001000000010000000100000001000000010000000100000001000000010000000100000001000000010000000100000001000000010000000100000001000000010000000100000001000000010000000100000000800000008000000080000000800000008000000080000004900000010000000090000000800000010000000100000001000000026000000180000000900000009000000090000000900000009000000090000000900000009000000090000000900000009000000090000000900000009000000090000000900000009000000090000000800000008000000080000000800000008000000080000001C00000009000000090000000900000009000000090000000900000009000000080000000800000008000000080000000800000008000000080000000D0000000800000085617A8F8540CF4C18369BC5D3A10F975B85120E0000000000000000000000000000000000000000, ShaderCompilation=5906.034668, RunGuid=RunID21E49B744BAB3B68D51F849580C7B2AD
DDCTransactionId9318179042590BC19A03C3BC2668945E_53, PutCachedData=, CacheKey=MATSM_4F0644619F9C48FF91E0D494C95EB050_PCD3D_SM5_5__BC5N_DEV_SL_NoDBuf_EARLYZ3__F1054FCD00F141E982DEBCB8AAB0583C900C10E8, StartTime=2016.05.28-20.22.26, HierarchicalDDC=, DataSize=32366, Duration=1.715299, RunGuid=RunID21E49B744BAB3B68D51F849580C7B2AD
SavePackageTransactionIdD9BBBCA94C4CA8F43B17A490142734EE_45, Filename=../../../../../../Unreal/RepoForGamePrototypes/BossFight 4.11/Content/2DSideScrollerBP/Blueprints/2DSideScrollerCharacter.uasset, AutoPackageBackupDelegate=462.680176, FlushAsyncLoading=0.018310, FlushStreamingFunc=0.068571, BlockTillAllRequestsFinished=0.009321, ResetLoadersForSaveUnMarkAllObjects=1.320511, TagPackageExports=21.764963, BeginCacheForCookedPlatformData=0.015978, SerializeImports=20.679127, GatherLocalizableTextData=16.118425, MarkNames=0.205047, SerializeSummary=0.030294, SerializeNames=0.665747, SerializeGatherableTextData=0.226356, BuildExportMap=0.516284, SortExportsNonSeekfree=3.085412, SortExportsSeekfreeConstructor=0.179749, SortExportsSeekfreeInner=35.872498, SortExportsSeekfree=0.013981, BuildDependencyMap=0.175424, SerializeImportMap=0.030294, SerializeExportMap=0.074230, SerializeDependencyMap=0.017311, SerializeStringAssetReferenceMap=0.002995, SaveThumbNailsAssetRegistryDataWorldLevelInfo=2.565458, SerializeExports=24.488874, SerializeBulkData=0.018638, MoveFile=0.934709, UnaccountedTime=0.919733, RunGuid=RunID21E49B744BAB3B68D51F849580C7B2AD
SavePackageTransactionIdD9BBBCA94C4CA8F43B17A490142734EE_46, Filename=../../../../../../Unreal/RepoForGamePrototypes/BossFight 4.11/Content/2DSideScrollerBP/Maps/2DSideScrollerExampleMap.umap, AutoPackageBackupDelegate=2.042845, FlushAsyncLoading=0.013314, FlushStreamingFunc=0.086550, BlockTillAllRequestsFinished=0.009321, ResetLoadersForSaveUnMarkAllObjects=85.715378, TagPackageExports=1.031574, BeginCacheForCookedPlatformData=0.003330, SerializeImports=1.863427, GatherLocalizableTextData=10.427278, MarkNames=0.101861, SerializeSummary=0.024632, SerializeNames=0.506636, SerializeGatherableTextData=0.064578, BuildExportMap=0.339195, SortExportsNonSeekfree=0.552241, SortExportsSeekfreeConstructor=0.126492, SortExportsSeekfreeInner=28.301607, SortExportsSeekfree=0.015978, BuildDependencyMap=0.113178, SerializeImportMap=0.029627, SerializeExportMap=0.028294, SerializeDependencyMap=0.008985, SerializeStringAssetReferenceMap=0.003997, SaveThumbNailsAssetRegistryDataWorldLevelInfo=1.598790, SerializeExports=4.422564, SerializeBulkData=0.017643, MoveFile=0.834513, UnaccountedTime=0.730660, RunGuid=RunID21E49B744BAB3B68D51F849580C7B2AD
